date,date_id,year,month,day,week,quarter
2014-05-04,20140504,2014,5,4,6,2
2014-05-05,20140505,2014,5,5,0,2
2014-05-06,20140506,2014,5,6,1,2
2014-05-07,20140507,2014,5,7,2,2
2014-05-08,20140508,2014,5,8,3,2
2014-05-09,20140509,2014,5,9,4,2
2014-05-10,20140510,2014,5,10,5,2
2014-05-11,20140511,2014,5,11,6,2
2014-05-12,20140512,2014,5,12,0,2
2014-05-13,20140513,2014,5,13,1,2
2014-05-14,20140514,2014,5,14,2,2
2014-05-15,20140515,2014,5,15,3,2
2014-05-16,20140516,2014,5,16,4,2
2014-05-17,20140517,2014,5,17,5,2
2014-05-18,20140518,2014,5,18,6,2
2014-05-19,20140519,2014,5,19,0,2
2014-05-20,20140520,2014,5,20,1,2
2014-05-21,20140521,2014,5,21,2,2
2014-05-22,20140522,2014,5,22,3,2
2014-05-23,20140523,2014,5,23,4,2
2014-05-24,20140524,2014,5,24,5,2
2014-05-25,20140525,2014,5,25,6,2
2014-05-26,20140526,2014,5,26,0,2
2014-05-27,20140527,2014,5,27,1,2
2014-05-28,20140528,2014,5,28,2,2
2014-05-29,20140529,2014,5,29,3,2
2014-05-30,20140530,2014,5,30,4,2
2014-05-31,20140531,2014,5,31,5,2
2014-06-01,20140601,2014,6,1,6,2
2014-06-02,20140602,2014,6,2,0,2
2014-06-03,20140603,2014,6,3,1,2
2014-06-04,20140604,2014,6,4,2,2
2014-06-05,20140605,2014,6,5,3,2
2014-06-06,20140606,2014,6,6,4,2
2014-06-07,20140607,2014,6,7,5,2
2014-06-08,20140608,2014,6,8,6,2
2014-06-09,20140609,2014,6,9,0,2
2014-06-10,20140610,2014,6,10,1,2
2014-06-11,20140611,2014,6,11,2,2
2014-06-12,20140612,2014,6,12,3,2
2014-06-13,20140613,2014,6,13,4,2
2014-06-14,20140614,2014,6,14,5,2
2014-06-15,20140615,2014,6,15,6,2
2014-06-16,20140616,2014,6,16,0,2
2014-06-17,20140617,2014,6,17,1,2
2014-06-18,20140618,2014,6,18,2,2
2014-06-19,20140619,2014,6,19,3,2
2014-06-20,20140620,2014,6,20,4,2
2014-06-21,20140621,2014,6,21,5,2
2014-06-22,20140622,2014,6,22,6,2
2014-06-23,20140623,2014,6,23,0,2
2014-06-24,20140624,2014,6,24,1,2
2014-06-25,20140625,2014,6,25,2,2
2014-06-26,20140626,2014,6,26,3,2
2014-06-27,20140627,2014,6,27,4,2
2014-06-28,20140628,2014,6,28,5,2
2014-06-29,20140629,2014,6,29,6,2
2014-06-30,20140630,2014,6,30,0,2
2014-07-01,20140701,2014,7,1,1,3
2014-07-02,20140702,2014,7,2,2,3
2014-07-03,20140703,2014,7,3,3,3
2014-07-04,20140704,2014,7,4,4,3
2014-07-05,20140705,2014,7,5,5,3
2014-07-06,20140706,2014,7,6,6,3
2014-07-07,20140707,2014,7,7,0,3
2014-07-08,20140708,2014,7,8,1,3
2014-07-09,20140709,2014,7,9,2,3
2014-07-10,20140710,2014,7,10,3,3
2014-07-11,20140711,2014,7,11,4,3
2014-07-12,20140712,2014,7,12,5,3
2014-07-13,20140713,2014,7,13,6,3
2014-07-14,20140714,2014,7,14,0,3
2014-07-15,20140715,2014,7,15,1,3
2014-07-16,20140716,2014,7,16,2,3
2014-07-17,20140717,2014,7,17,3,3
2014-07-18,20140718,2014,7,18,4,3
2014-07-19,20140719,2014,7,19,5,3
2014-07-20,20140720,2014,7,20,6,3
2014-07-21,20140721,2014,7,21,0,3
2014-07-22,20140722,2014,7,22,1,3
2014-07-23,20140723,2014,7,23,2,3
2014-07-24,20140724,2014,7,24,3,3
2014-07-25,20140725,2014,7,25,4,3
2014-07-26,20140726,2014,7,26,5,3
2014-07-27,20140727,2014,7,27,6,3
2014-07-28,20140728,2014,7,28,0,3
2014-07-29,20140729,2014,7,29,1,3
2014-07-30,20140730,2014,7,30,2,3
2014-07-31,20140731,2014,7,31,3,3
2014-08-01,20140801,2014,8,1,4,3
2014-08-02,20140802,2014,8,2,5,3
2014-08-03,20140803,2014,8,3,6,3
2014-08-04,20140804,2014,8,4,0,3
2014-08-05,20140805,2014,8,5,1,3
2014-08-06,20140806,2014,8,6,2,3
2014-08-07,20140807,2014,8,7,3,3
2014-08-08,20140808,2014,8,8,4,3
2014-08-09,20140809,2014,8,9,5,3
2014-08-10,20140810,2014,8,10,6,3
2014-08-11,20140811,2014,8,11,0,3
2014-08-12,20140812,2014,8,12,1,3
2014-08-13,20140813,2014,8,13,2,3
2014-08-14,20140814,2014,8,14,3,3
2014-08-15,20140815,2014,8,15,4,3
2014-08-16,20140816,2014,8,16,5,3
2014-08-17,20140817,2014,8,17,6,3
2014-08-18,20140818,2014,8,18,0,3
2014-08-19,20140819,2014,8,19,1,3
2014-08-20,20140820,2014,8,20,2,3
2014-08-21,20140821,2014,8,21,3,3
2014-08-22,20140822,2014,8,22,4,3
2014-08-23,20140823,2014,8,23,5,3
2014-08-24,20140824,2014,8,24,6,3
2014-08-25,20140825,2014,8,25,0,3
2014-08-26,20140826,2014,8,26,1,3
2014-08-27,20140827,2014,8,27,2,3
2014-08-28,20140828,2014,8,28,3,3
2014-08-29,20140829,2014,8,29,4,3
2014-08-30,20140830,2014,8,30,5,3
2014-08-31,20140831,2014,8,31,6,3
2014-09-01,20140901,2014,9,1,0,3
2014-09-02,20140902,2014,9,2,1,3
2014-09-03,20140903,2014,9,3,2,3
2014-09-04,20140904,2014,9,4,3,3
2014-09-05,20140905,2014,9,5,4,3
2014-09-06,20140906,2014,9,6,5,3
2014-09-07,20140907,2014,9,7,6,3
2014-09-08,20140908,2014,9,8,0,3
2014-09-09,20140909,2014,9,9,1,3
2014-09-10,20140910,2014,9,10,2,3
2014-09-11,20140911,2014,9,11,3,3
2014-09-12,20140912,2014,9,12,4,3
2014-09-13,20140913,2014,9,13,5,3
2014-09-14,20140914,2014,9,14,6,3
2014-09-15,20140915,2014,9,15,0,3
2014-09-16,20140916,2014,9,16,1,3
2014-09-17,20140917,2014,9,17,2,3
2014-09-18,20140918,2014,9,18,3,3
2014-09-19,20140919,2014,9,19,4,3
2014-09-20,20140920,2014,9,20,5,3
2014-09-21,20140921,2014,9,21,6,3
2014-09-22,20140922,2014,9,22,0,3
2014-09-23,20140923,2014,9,23,1,3
2014-09-24,20140924,2014,9,24,2,3
2014-09-25,20140925,2014,9,25,3,3
2014-09-26,20140926,2014,9,26,4,3
2014-09-27,20140927,2014,9,27,5,3
2014-09-28,20140928,2014,9,28,6,3
2014-09-29,20140929,2014,9,29,0,3
2014-09-30,20140930,2014,9,30,1,3
2014-10-01,20141001,2014,10,1,2,4
2014-10-02,20141002,2014,10,2,3,4
2014-10-03,20141003,2014,10,3,4,4
2014-10-04,20141004,2014,10,4,5,4
2014-10-05,20141005,2014,10,5,6,4
2014-10-06,20141006,2014,10,6,0,4
2014-10-07,20141007,2014,10,7,1,4
2014-10-08,20141008,2014,10,8,2,4
2014-10-09,20141009,2014,10,9,3,4
2014-10-10,20141010,2014,10,10,4,4
2014-10-11,20141011,2014,10,11,5,4
2014-10-12,20141012,2014,10,12,6,4
2014-10-13,20141013,2014,10,13,0,4
2014-10-14,20141014,2014,10,14,1,4
2014-10-15,20141015,2014,10,15,2,4
2014-10-16,20141016,2014,10,16,3,4
2014-10-17,20141017,2014,10,17,4,4
2014-10-18,20141018,2014,10,18,5,4
2014-10-19,20141019,2014,10,19,6,4
2014-10-20,20141020,2014,10,20,0,4
2014-10-21,20141021,2014,10,21,1,4
2014-10-22,20141022,2014,10,22,2,4
2014-10-23,20141023,2014,10,23,3,4
2014-10-24,20141024,2014,10,24,4,4
2014-10-25,20141025,2014,10,25,5,4
2014-10-26,20141026,2014,10,26,6,4
2014-10-27,20141027,2014,10,27,0,4
2014-10-28,20141028,2014,10,28,1,4
2014-10-29,20141029,2014,10,29,2,4
2014-10-30,20141030,2014,10,30,3,4
2014-10-31,20141031,2014,10,31,4,4
2014-11-01,20141101,2014,11,1,5,4
2014-11-02,20141102,2014,11,2,6,4
2014-11-03,20141103,2014,11,3,0,4
2014-11-04,20141104,2014,11,4,1,4
2014-11-05,20141105,2014,11,5,2,4
2014-11-06,20141106,2014,11,6,3,4
2014-11-07,20141107,2014,11,7,4,4
2014-11-08,20141108,2014,11,8,5,4
2014-11-09,20141109,2014,11,9,6,4
2014-11-10,20141110,2014,11,10,0,4
2014-11-11,20141111,2014,11,11,1,4
2014-11-12,20141112,2014,11,12,2,4
2014-11-13,20141113,2014,11,13,3,4
2014-11-14,20141114,2014,11,14,4,4
2014-11-15,20141115,2014,11,15,5,4
2014-11-16,20141116,2014,11,16,6,4
2014-11-17,20141117,2014,11,17,0,4
2014-11-18,20141118,2014,11,18,1,4
2014-11-19,20141119,2014,11,19,2,4
2014-11-20,20141120,2014,11,20,3,4
2014-11-21,20141121,2014,11,21,4,4
2014-11-22,20141122,2014,11,22,5,4
2014-11-23,20141123,2014,11,23,6,4
2014-11-24,20141124,2014,11,24,0,4
2014-11-25,20141125,2014,11,25,1,4
2014-11-26,20141126,2014,11,26,2,4
2014-11-27,20141127,2014,11,27,3,4
2014-11-28,20141128,2014,11,28,4,4
2014-11-29,20141129,2014,11,29,5,4
2014-11-30,20141130,2014,11,30,6,4
2014-12-01,20141201,2014,12,1,0,4
2014-12-02,20141202,2014,12,2,1,4
2014-12-03,20141203,2014,12,3,2,4
2014-12-04,20141204,2014,12,4,3,4
2014-12-05,20141205,2014,12,5,4,4
2014-12-06,20141206,2014,12,6,5,4
2014-12-07,20141207,2014,12,7,6,4
2014-12-08,20141208,2014,12,8,0,4
2014-12-09,20141209,2014,12,9,1,4
2014-12-10,20141210,2014,12,10,2,4
2014-12-11,20141211,2014,12,11,3,4
2014-12-12,20141212,2014,12,12,4,4
2014-12-13,20141213,2014,12,13,5,4
2014-12-14,20141214,2014,12,14,6,4
2014-12-15,20141215,2014,12,15,0,4
2014-12-16,20141216,2014,12,16,1,4
2014-12-17,20141217,2014,12,17,2,4
2014-12-18,20141218,2014,12,18,3,4
2014-12-19,20141219,2014,12,19,4,4
2014-12-20,20141220,2014,12,20,5,4
2014-12-21,20141221,2014,12,21,6,4
2014-12-22,20141222,2014,12,22,0,4
2014-12-23,20141223,2014,12,23,1,4
2014-12-24,20141224,2014,12,24,2,4
2014-12-25,20141225,2014,12,25,3,4
2014-12-26,20141226,2014,12,26,4,4
2014-12-27,20141227,2014,12,27,5,4
2014-12-28,20141228,2014,12,28,6,4
2014-12-29,20141229,2014,12,29,0,4
2014-12-30,20141230,2014,12,30,1,4
2014-12-31,20141231,2014,12,31,2,4
2015-01-01,20150101,2015,1,1,3,1
2015-01-02,20150102,2015,1,2,4,1
2015-01-03,20150103,2015,1,3,5,1
2015-01-04,20150104,2015,1,4,6,1
2015-01-05,20150105,2015,1,5,0,1
2015-01-06,20150106,2015,1,6,1,1
2015-01-07,20150107,2015,1,7,2,1
2015-01-08,20150108,2015,1,8,3,1
2015-01-09,20150109,2015,1,9,4,1
2015-01-10,20150110,2015,1,10,5,1
2015-01-11,20150111,2015,1,11,6,1
2015-01-12,20150112,2015,1,12,0,1
2015-01-13,20150113,2015,1,13,1,1
2015-01-14,20150114,2015,1,14,2,1
2015-01-15,20150115,2015,1,15,3,1
2015-01-16,20150116,2015,1,16,4,1
2015-01-17,20150117,2015,1,17,5,1
2015-01-18,20150118,2015,1,18,6,1
2015-01-19,20150119,2015,1,19,0,1
2015-01-20,20150120,2015,1,20,1,1
2015-01-21,20150121,2015,1,21,2,1
2015-01-22,20150122,2015,1,22,3,1
2015-01-23,20150123,2015,1,23,4,1
2015-01-24,20150124,2015,1,24,5,1
2015-01-25,20150125,2015,1,25,6,1
2015-01-26,20150126,2015,1,26,0,1
2015-01-27,20150127,2015,1,27,1,1
2015-01-28,20150128,2015,1,28,2,1
2015-01-29,20150129,2015,1,29,3,1
2015-01-30,20150130,2015,1,30,4,1
2015-01-31,20150131,2015,1,31,5,1
2015-02-01,20150201,2015,2,1,6,1
2015-02-02,20150202,2015,2,2,0,1
2015-02-03,20150203,2015,2,3,1,1
2015-02-04,20150204,2015,2,4,2,1
2015-02-05,20150205,2015,2,5,3,1
2015-02-06,20150206,2015,2,6,4,1
2015-02-07,20150207,2015,2,7,5,1
2015-02-08,20150208,2015,2,8,6,1
2015-02-09,20150209,2015,2,9,0,1
2015-02-10,20150210,2015,2,10,1,1
2015-02-11,20150211,2015,2,11,2,1
2015-02-12,20150212,2015,2,12,3,1
2015-02-13,20150213,2015,2,13,4,1
2015-02-14,20150214,2015,2,14,5,1
2015-02-15,20150215,2015,2,15,6,1
2015-02-16,20150216,2015,2,16,0,1
2015-02-17,20150217,2015,2,17,1,1
2015-02-18,20150218,2015,2,18,2,1
2015-02-19,20150219,2015,2,19,3,1
2015-02-20,20150220,2015,2,20,4,1
2015-02-21,20150221,2015,2,21,5,1
2015-02-22,20150222,2015,2,22,6,1
2015-02-23,20150223,2015,2,23,0,1
2015-02-24,20150224,2015,2,24,1,1
2015-02-25,20150225,2015,2,25,2,1
2015-02-26,20150226,2015,2,26,3,1
2015-02-27,20150227,2015,2,27,4,1
2015-02-28,20150228,2015,2,28,5,1
2015-03-01,20150301,2015,3,1,6,1
2015-03-02,20150302,2015,3,2,0,1
2015-03-03,20150303,2015,3,3,1,1
2015-03-04,20150304,2015,3,4,2,1
2015-03-05,20150305,2015,3,5,3,1
2015-03-06,20150306,2015,3,6,4,1
2015-03-07,20150307,2015,3,7,5,1
2015-03-08,20150308,2015,3,8,6,1
2015-03-09,20150309,2015,3,9,0,1
2015-03-10,20150310,2015,3,10,1,1
2015-03-11,20150311,2015,3,11,2,1
2015-03-12,20150312,2015,3,12,3,1
2015-03-13,20150313,2015,3,13,4,1
2015-03-14,20150314,2015,3,14,5,1
2015-03-15,20150315,2015,3,15,6,1
2015-03-16,20150316,2015,3,16,0,1
2015-03-17,20150317,2015,3,17,1,1
2015-03-18,20150318,2015,3,18,2,1
2015-03-19,20150319,2015,3,19,3,1
2015-03-20,20150320,2015,3,20,4,1
2015-03-21,20150321,2015,3,21,5,1
2015-03-22,20150322,2015,3,22,6,1
2015-03-23,20150323,2015,3,23,0,1
2015-03-24,20150324,2015,3,24,1,1
2015-03-25,20150325,2015,3,25,2,1
2015-03-26,20150326,2015,3,26,3,1
2015-03-27,20150327,2015,3,27,4,1
2015-03-28,20150328,2015,3,28,5,1
2015-03-29,20150329,2015,3,29,6,1
2015-03-30,20150330,2015,3,30,0,1
2015-03-31,20150331,2015,3,31,1,1
2015-04-01,20150401,2015,4,1,2,2
2015-04-02,20150402,2015,4,2,3,2
2015-04-03,20150403,2015,4,3,4,2
2015-04-04,20150404,2015,4,4,5,2
2015-04-05,20150405,2015,4,5,6,2
2015-04-06,20150406,2015,4,6,0,2
2015-04-07,20150407,2015,4,7,1,2
2015-04-08,20150408,2015,4,8,2,2
2015-04-09,20150409,2015,4,9,3,2
2015-04-10,20150410,2015,4,10,4,2
2015-04-11,20150411,2015,4,11,5,2
2015-04-12,20150412,2015,4,12,6,2
2015-04-13,20150413,2015,4,13,0,2
2015-04-14,20150414,2015,4,14,1,2
2015-04-15,20150415,2015,4,15,2,2
2015-04-16,20150416,2015,4,16,3,2
2015-04-17,20150417,2015,4,17,4,2
2015-04-18,20150418,2015,4,18,5,2
2015-04-19,20150419,2015,4,19,6,2
2015-04-20,20150420,2015,4,20,0,2
2015-04-21,20150421,2015,4,21,1,2
2015-04-22,20150422,2015,4,22,2,2
2015-04-23,20150423,2015,4,23,3,2
2015-04-24,20150424,2015,4,24,4,2
2015-04-25,20150425,2015,4,25,5,2
2015-04-26,20150426,2015,4,26,6,2
2015-04-27,20150427,2015,4,27,0,2
2015-04-28,20150428,2015,4,28,1,2
2015-04-29,20150429,2015,4,29,2,2
2015-04-30,20150430,2015,4,30,3,2
2015-05-01,20150501,2015,5,1,4,2
2015-05-02,20150502,2015,5,2,5,2
2015-05-03,20150503,2015,5,3,6,2
2015-05-04,20150504,2015,5,4,0,2
2015-05-05,20150505,2015,5,5,1,2
2015-05-06,20150506,2015,5,6,2,2
2015-05-07,20150507,2015,5,7,3,2
2015-05-08,20150508,2015,5,8,4,2
2015-05-09,20150509,2015,5,9,5,2
2015-05-10,20150510,2015,5,10,6,2
2015-05-11,20150511,2015,5,11,0,2
2015-05-12,20150512,2015,5,12,1,2
2015-05-13,20150513,2015,5,13,2,2
2015-05-14,20150514,2015,5,14,3,2
2015-05-15,20150515,2015,5,15,4,2
2015-05-16,20150516,2015,5,16,5,2
2015-05-17,20150517,2015,5,17,6,2
2015-05-18,20150518,2015,5,18,0,2
2015-05-19,20150519,2015,5,19,1,2
2015-05-20,20150520,2015,5,20,2,2
2015-05-21,20150521,2015,5,21,3,2
2015-05-22,20150522,2015,5,22,4,2
2015-05-23,20150523,2015,5,23,5,2
2015-05-24,20150524,2015,5,24,6,2
2015-05-25,20150525,2015,5,25,0,2
2015-05-26,20150526,2015,5,26,1,2
2015-05-27,20150527,2015,5,27,2,2
2015-05-28,20150528,2015,5,28,3,2
2015-05-29,20150529,2015,5,29,4,2
2015-05-30,20150530,2015,5,30,5,2
2015-05-31,20150531,2015,5,31,6,2
2015-06-01,20150601,2015,6,1,0,2
2015-06-02,20150602,2015,6,2,1,2
2015-06-03,20150603,2015,6,3,2,2
2015-06-04,20150604,2015,6,4,3,2
2015-06-05,20150605,2015,6,5,4,2
2015-06-06,20150606,2015,6,6,5,2
2015-06-07,20150607,2015,6,7,6,2
2015-06-08,20150608,2015,6,8,0,2
2015-06-09,20150609,2015,6,9,1,2
2015-06-10,20150610,2015,6,10,2,2
2015-06-11,20150611,2015,6,11,3,2
2015-06-12,20150612,2015,6,12,4,2
2015-06-13,20150613,2015,6,13,5,2
2015-06-14,20150614,2015,6,14,6,2
2015-06-15,20150615,2015,6,15,0,2
2015-06-16,20150616,2015,6,16,1,2
2015-06-17,20150617,2015,6,17,2,2
2015-06-18,20150618,2015,6,18,3,2
2015-06-19,20150619,2015,6,19,4,2
2015-06-20,20150620,2015,6,20,5,2
2015-06-21,20150621,2015,6,21,6,2
2015-06-22,20150622,2015,6,22,0,2
2015-06-23,20150623,2015,6,23,1,2
2015-06-24,20150624,2015,6,24,2,2
2015-06-25,20150625,2015,6,25,3,2
2015-06-26,20150626,2015,6,26,4,2
2015-06-27,20150627,2015,6,27,5,2
2015-06-28,20150628,2015,6,28,6,2
2015-06-29,20150629,2015,6,29,0,2
2015-06-30,20150630,2015,6,30,1,2
2015-07-01,20150701,2015,7,1,2,3
2015-07-02,20150702,2015,7,2,3,3
2015-07-03,20150703,2015,7,3,4,3
2015-07-04,20150704,2015,7,4,5,3
2015-07-05,20150705,2015,7,5,6,3
2015-07-06,20150706,2015,7,6,0,3
2015-07-07,20150707,2015,7,7,1,3
2015-07-08,20150708,2015,7,8,2,3
2015-07-09,20150709,2015,7,9,3,3
2015-07-10,20150710,2015,7,10,4,3
2015-07-11,20150711,2015,7,11,5,3
2015-07-12,20150712,2015,7,12,6,3
2015-07-13,20150713,2015,7,13,0,3
2015-07-14,20150714,2015,7,14,1,3
2015-07-15,20150715,2015,7,15,2,3
2015-07-16,20150716,2015,7,16,3,3
2015-07-17,20150717,2015,7,17,4,3
2015-07-18,20150718,2015,7,18,5,3
2015-07-19,20150719,2015,7,19,6,3
2015-07-20,20150720,2015,7,20,0,3
2015-07-21,20150721,2015,7,21,1,3
2015-07-22,20150722,2015,7,22,2,3
2015-07-23,20150723,2015,7,23,3,3
2015-07-24,20150724,2015,7,24,4,3
2015-07-25,20150725,2015,7,25,5,3
2015-07-26,20150726,2015,7,26,6,3
2015-07-27,20150727,2015,7,27,0,3
2015-07-28,20150728,2015,7,28,1,3
2015-07-29,20150729,2015,7,29,2,3
2015-07-30,20150730,2015,7,30,3,3
2015-07-31,20150731,2015,7,31,4,3
2015-08-01,20150801,2015,8,1,5,3
2015-08-02,20150802,2015,8,2,6,3
2015-08-03,20150803,2015,8,3,0,3
2015-08-04,20150804,2015,8,4,1,3
2015-08-05,20150805,2015,8,5,2,3
2015-08-06,20150806,2015,8,6,3,3
2015-08-07,20150807,2015,8,7,4,3
2015-08-08,20150808,2015,8,8,5,3
2015-08-09,20150809,2015,8,9,6,3
2015-08-10,20150810,2015,8,10,0,3
2015-08-11,20150811,2015,8,11,1,3
2015-08-12,20150812,2015,8,12,2,3
2015-08-13,20150813,2015,8,13,3,3
2015-08-14,20150814,2015,8,14,4,3
2015-08-15,20150815,2015,8,15,5,3
2015-08-16,20150816,2015,8,16,6,3
2015-08-17,20150817,2015,8,17,0,3
2015-08-18,20150818,2015,8,18,1,3
2015-08-19,20150819,2015,8,19,2,3
2015-08-20,20150820,2015,8,20,3,3
2015-08-21,20150821,2015,8,21,4,3
2015-08-22,20150822,2015,8,22,5,3
2015-08-23,20150823,2015,8,23,6,3
2015-08-24,20150824,2015,8,24,0,3
2015-08-25,20150825,2015,8,25,1,3
2015-08-26,20150826,2015,8,26,2,3
2015-08-27,20150827,2015,8,27,3,3
2015-08-28,20150828,2015,8,28,4,3
2015-08-29,20150829,2015,8,29,5,3
2015-08-30,20150830,2015,8,30,6,3
2015-08-31,20150831,2015,8,31,0,3
2015-09-01,20150901,2015,9,1,1,3
2015-09-02,20150902,2015,9,2,2,3
2015-09-03,20150903,2015,9,3,3,3
2015-09-04,20150904,2015,9,4,4,3
2015-09-05,20150905,2015,9,5,5,3
2015-09-06,20150906,2015,9,6,6,3
2015-09-07,20150907,2015,9,7,0,3
2015-09-08,20150908,2015,9,8,1,3
2015-09-09,20150909,2015,9,9,2,3
2015-09-10,20150910,2015,9,10,3,3
2015-09-11,20150911,2015,9,11,4,3
2015-09-12,20150912,2015,9,12,5,3
2015-09-13,20150913,2015,9,13,6,3
2015-09-14,20150914,2015,9,14,0,3
2015-09-15,20150915,2015,9,15,1,3
2015-09-16,20150916,2015,9,16,2,3
2015-09-17,20150917,2015,9,17,3,3
2015-09-18,20150918,2015,9,18,4,3
2015-09-19,20150919,2015,9,19,5,3
2015-09-20,20150920,2015,9,20,6,3
2015-09-21,20150921,2015,9,21,0,3
2015-09-22,20150922,2015,9,22,1,3
2015-09-23,20150923,2015,9,23,2,3
2015-09-24,20150924,2015,9,24,3,3
2015-09-25,20150925,2015,9,25,4,3
2015-09-26,20150926,2015,9,26,5,3
2015-09-27,20150927,2015,9,27,6,3
2015-09-28,20150928,2015,9,28,0,3
2015-09-29,20150929,2015,9,29,1,3
2015-09-30,20150930,2015,9,30,2,3
2015-10-01,20151001,2015,10,1,3,4
2015-10-02,20151002,2015,10,2,4,4
2015-10-03,20151003,2015,10,3,5,4
2015-10-04,20151004,2015,10,4,6,4
2015-10-05,20151005,2015,10,5,0,4
2015-10-06,20151006,2015,10,6,1,4
2015-10-07,20151007,2015,10,7,2,4
2015-10-08,20151008,2015,10,8,3,4
2015-10-09,20151009,2015,10,9,4,4
2015-10-10,20151010,2015,10,10,5,4
2015-10-11,20151011,2015,10,11,6,4
2015-10-12,20151012,2015,10,12,0,4
2015-10-13,20151013,2015,10,13,1,4
2015-10-14,20151014,2015,10,14,2,4
2015-10-15,20151015,2015,10,15,3,4
2015-10-16,20151016,2015,10,16,4,4
2015-10-17,20151017,2015,10,17,5,4
2015-10-18,20151018,2015,10,18,6,4
2015-10-19,20151019,2015,10,19,0,4
2015-10-20,20151020,2015,10,20,1,4
2015-10-21,20151021,2015,10,21,2,4
2015-10-22,20151022,2015,10,22,3,4
2015-10-23,20151023,2015,10,23,4,4
2015-10-24,20151024,2015,10,24,5,4
2015-10-25,20151025,2015,10,25,6,4
2015-10-26,20151026,2015,10,26,0,4
2015-10-27,20151027,2015,10,27,1,4
2015-10-28,20151028,2015,10,28,2,4
2015-10-29,20151029,2015,10,29,3,4
2015-10-30,20151030,2015,10,30,4,4
2015-10-31,20151031,2015,10,31,5,4
2015-11-01,20151101,2015,11,1,6,4
2015-11-02,20151102,2015,11,2,0,4
2015-11-03,20151103,2015,11,3,1,4
2015-11-04,20151104,2015,11,4,2,4
2015-11-05,20151105,2015,11,5,3,4
2015-11-06,20151106,2015,11,6,4,4
2015-11-07,20151107,2015,11,7,5,4
2015-11-08,20151108,2015,11,8,6,4
2015-11-09,20151109,2015,11,9,0,4
2015-11-10,20151110,2015,11,10,1,4
2015-11-11,20151111,2015,11,11,2,4
2015-11-12,20151112,2015,11,12,3,4
2015-11-13,20151113,2015,11,13,4,4
2015-11-14,20151114,2015,11,14,5,4
2015-11-15,20151115,2015,11,15,6,4
2015-11-16,20151116,2015,11,16,0,4
2015-11-17,20151117,2015,11,17,1,4
2015-11-18,20151118,2015,11,18,2,4
2015-11-19,20151119,2015,11,19,3,4
2015-11-20,20151120,2015,11,20,4,4
2015-11-21,20151121,2015,11,21,5,4
2015-11-22,20151122,2015,11,22,6,4
2015-11-23,20151123,2015,11,23,0,4
2015-11-24,20151124,2015,11,24,1,4
2015-11-25,20151125,2015,11,25,2,4
2015-11-26,20151126,2015,11,26,3,4
2015-11-27,20151127,2015,11,27,4,4
2015-11-28,20151128,2015,11,28,5,4
2015-11-29,20151129,2015,11,29,6,4
2015-11-30,20151130,2015,11,30,0,4
2015-12-01,20151201,2015,12,1,1,4
2015-12-02,20151202,2015,12,2,2,4
2015-12-03,20151203,2015,12,3,3,4
2015-12-04,20151204,2015,12,4,4,4
2015-12-05,20151205,2015,12,5,5,4
2015-12-06,20151206,2015,12,6,6,4
2015-12-07,20151207,2015,12,7,0,4
2015-12-08,20151208,2015,12,8,1,4
2015-12-09,20151209,2015,12,9,2,4
2015-12-10,20151210,2015,12,10,3,4
2015-12-11,20151211,2015,12,11,4,4
2015-12-12,20151212,2015,12,12,5,4
2015-12-13,20151213,2015,12,13,6,4
2015-12-14,20151214,2015,12,14,0,4
2015-12-15,20151215,2015,12,15,1,4
2015-12-16,20151216,2015,12,16,2,4
2015-12-17,20151217,2015,12,17,3,4
2015-12-18,20151218,2015,12,18,4,4
2015-12-19,20151219,2015,12,19,5,4
2015-12-20,20151220,2015,12,20,6,4
2015-12-21,20151221,2015,12,21,0,4
2015-12-22,20151222,2015,12,22,1,4
2015-12-23,20151223,2015,12,23,2,4
2015-12-24,20151224,2015,12,24,3,4
2015-12-25,20151225,2015,12,25,4,4
2015-12-26,20151226,2015,12,26,5,4
2015-12-27,20151227,2015,12,27,6,4
2015-12-28,20151228,2015,12,28,0,4
2015-12-29,20151229,2015,12,29,1,4
2015-12-30,20151230,2015,12,30,2,4
2015-12-31,20151231,2015,12,31,3,4
2016-01-01,20160101,2016,1,1,4,1
2016-01-02,20160102,2016,1,2,5,1
2016-01-03,20160103,2016,1,3,6,1
2016-01-04,20160104,2016,1,4,0,1
2016-01-05,20160105,2016,1,5,1,1
2016-01-06,20160106,2016,1,6,2,1
2016-01-07,20160107,2016,1,7,3,1
2016-01-08,20160108,2016,1,8,4,1
2016-01-09,20160109,2016,1,9,5,1
2016-01-10,20160110,2016,1,10,6,1
2016-01-11,20160111,2016,1,11,0,1
2016-01-12,20160112,2016,1,12,1,1
2016-01-13,20160113,2016,1,13,2,1
2016-01-14,20160114,2016,1,14,3,1
2016-01-15,20160115,2016,1,15,4,1
2016-01-16,20160116,2016,1,16,5,1
2016-01-17,20160117,2016,1,17,6,1
2016-01-18,20160118,2016,1,18,0,1
2016-01-19,20160119,2016,1,19,1,1
2016-01-20,20160120,2016,1,20,2,1
2016-01-21,20160121,2016,1,21,3,1
2016-01-22,20160122,2016,1,22,4,1
2016-01-23,20160123,2016,1,23,5,1
2016-01-24,20160124,2016,1,24,6,1
2016-01-25,20160125,2016,1,25,0,1
2016-01-26,20160126,2016,1,26,1,1
2016-01-27,20160127,2016,1,27,2,1
2016-01-28,20160128,2016,1,28,3,1
2016-01-29,20160129,2016,1,29,4,1
2016-01-30,20160130,2016,1,30,5,1
2016-01-31,20160131,2016,1,31,6,1
2016-02-01,20160201,2016,2,1,0,1
2016-02-02,20160202,2016,2,2,1,1
2016-02-03,20160203,2016,2,3,2,1
2016-02-04,20160204,2016,2,4,3,1
2016-02-05,20160205,2016,2,5,4,1
2016-02-06,20160206,2016,2,6,5,1
2016-02-07,20160207,2016,2,7,6,1
2016-02-08,20160208,2016,2,8,0,1
2016-02-09,20160209,2016,2,9,1,1
2016-02-10,20160210,2016,2,10,2,1
2016-02-11,20160211,2016,2,11,3,1
2016-02-12,20160212,2016,2,12,4,1
2016-02-13,20160213,2016,2,13,5,1
2016-02-14,20160214,2016,2,14,6,1
2016-02-15,20160215,2016,2,15,0,1
2016-02-16,20160216,2016,2,16,1,1
2016-02-17,20160217,2016,2,17,2,1
2016-02-18,20160218,2016,2,18,3,1
2016-02-19,20160219,2016,2,19,4,1
2016-02-20,20160220,2016,2,20,5,1
2016-02-21,20160221,2016,2,21,6,1
2016-02-22,20160222,2016,2,22,0,1
2016-02-23,20160223,2016,2,23,1,1
2016-02-24,20160224,2016,2,24,2,1
2016-02-25,20160225,2016,2,25,3,1
2016-02-26,20160226,2016,2,26,4,1
2016-02-27,20160227,2016,2,27,5,1
2016-02-28,20160228,2016,2,28,6,1
2016-02-29,20160229,2016,2,29,0,1
2016-03-01,20160301,2016,3,1,1,1
2016-03-02,20160302,2016,3,2,2,1
2016-03-03,20160303,2016,3,3,3,1
2016-03-04,20160304,2016,3,4,4,1
2016-03-05,20160305,2016,3,5,5,1
2016-03-06,20160306,2016,3,6,6,1
2016-03-07,20160307,2016,3,7,0,1
2016-03-08,20160308,2016,3,8,1,1
2016-03-09,20160309,2016,3,9,2,1
2016-03-10,20160310,2016,3,10,3,1
2016-03-11,20160311,2016,3,11,4,1
2016-03-12,20160312,2016,3,12,5,1
2016-03-13,20160313,2016,3,13,6,1
2016-03-14,20160314,2016,3,14,0,1
2016-03-15,20160315,2016,3,15,1,1
2016-03-16,20160316,2016,3,16,2,1
2016-03-17,20160317,2016,3,17,3,1
2016-03-18,20160318,2016,3,18,4,1
2016-03-19,20160319,2016,3,19,5,1
2016-03-20,20160320,2016,3,20,6,1
2016-03-21,20160321,2016,3,21,0,1
2016-03-22,20160322,2016,3,22,1,1
2016-03-23,20160323,2016,3,23,2,1
2016-03-24,20160324,2016,3,24,3,1
2016-03-25,20160325,2016,3,25,4,1
2016-03-26,20160326,2016,3,26,5,1
2016-03-27,20160327,2016,3,27,6,1
2016-03-28,20160328,2016,3,28,0,1
2016-03-29,20160329,2016,3,29,1,1
2016-03-30,20160330,2016,3,30,2,1
2016-03-31,20160331,2016,3,31,3,1
2016-04-01,20160401,2016,4,1,4,2
2016-04-02,20160402,2016,4,2,5,2
2016-04-03,20160403,2016,4,3,6,2
2016-04-04,20160404,2016,4,4,0,2
2016-04-05,20160405,2016,4,5,1,2
2016-04-06,20160406,2016,4,6,2,2
2016-04-07,20160407,2016,4,7,3,2
2016-04-08,20160408,2016,4,8,4,2
2016-04-09,20160409,2016,4,9,5,2
2016-04-10,20160410,2016,4,10,6,2
2016-04-11,20160411,2016,4,11,0,2
2016-04-12,20160412,2016,4,12,1,2
2016-04-13,20160413,2016,4,13,2,2
2016-04-14,20160414,2016,4,14,3,2
2016-04-15,20160415,2016,4,15,4,2
2016-04-16,20160416,2016,4,16,5,2
2016-04-17,20160417,2016,4,17,6,2
2016-04-18,20160418,2016,4,18,0,2
2016-04-19,20160419,2016,4,19,1,2
2016-04-20,20160420,2016,4,20,2,2
2016-04-21,20160421,2016,4,21,3,2
2016-04-22,20160422,2016,4,22,4,2
2016-04-23,20160423,2016,4,23,5,2
2016-04-24,20160424,2016,4,24,6,2
2016-04-25,20160425,2016,4,25,0,2
2016-04-26,20160426,2016,4,26,1,2
2016-04-27,20160427,2016,4,27,2,2
2016-04-28,20160428,2016,4,28,3,2
2016-04-29,20160429,2016,4,29,4,2
2016-04-30,20160430,2016,4,30,5,2
2016-05-01,20160501,2016,5,1,6,2
2016-05-02,20160502,2016,5,2,0,2
2016-05-03,20160503,2016,5,3,1,2
2016-05-04,20160504,2016,5,4,2,2
2016-05-05,20160505,2016,5,5,3,2
2016-05-06,20160506,2016,5,6,4,2
2016-05-07,20160507,2016,5,7,5,2
2016-05-08,20160508,2016,5,8,6,2
2016-05-09,20160509,2016,5,9,0,2
2016-05-10,20160510,2016,5,10,1,2
2016-05-11,20160511,2016,5,11,2,2
2016-05-12,20160512,2016,5,12,3,2
2016-05-13,20160513,2016,5,13,4,2
2016-05-14,20160514,2016,5,14,5,2
2016-05-15,20160515,2016,5,15,6,2
2016-05-16,20160516,2016,5,16,0,2
2016-05-17,20160517,2016,5,17,1,2
2016-05-18,20160518,2016,5,18,2,2
2016-05-19,20160519,2016,5,19,3,2
2016-05-20,20160520,2016,5,20,4,2
2016-05-21,20160521,2016,5,21,5,2
2016-05-22,20160522,2016,5,22,6,2
2016-05-23,20160523,2016,5,23,0,2
2016-05-24,20160524,2016,5,24,1,2
2016-05-25,20160525,2016,5,25,2,2
2016-05-26,20160526,2016,5,26,3,2
2016-05-27,20160527,2016,5,27,4,2
2016-05-28,20160528,2016,5,28,5,2
2016-05-29,20160529,2016,5,29,6,2
2016-05-30,20160530,2016,5,30,0,2
2016-05-31,20160531,2016,5,31,1,2
2016-06-01,20160601,2016,6,1,2,2
2016-06-02,20160602,2016,6,2,3,2
2016-06-03,20160603,2016,6,3,4,2
2016-06-04,20160604,2016,6,4,5,2
2016-06-05,20160605,2016,6,5,6,2
2016-06-06,20160606,2016,6,6,0,2
2016-06-07,20160607,2016,6,7,1,2
2016-06-08,20160608,2016,6,8,2,2
2016-06-09,20160609,2016,6,9,3,2
2016-06-10,20160610,2016,6,10,4,2
2016-06-11,20160611,2016,6,11,5,2
2016-06-12,20160612,2016,6,12,6,2
2016-06-13,20160613,2016,6,13,0,2
2016-06-14,20160614,2016,6,14,1,2
2016-06-15,20160615,2016,6,15,2,2
2016-06-16,20160616,2016,6,16,3,2
2016-06-17,20160617,2016,6,17,4,2
2016-06-18,20160618,2016,6,18,5,2
2016-06-19,20160619,2016,6,19,6,2
2016-06-20,20160620,2016,6,20,0,2
2016-06-21,20160621,2016,6,21,1,2
2016-06-22,20160622,2016,6,22,2,2
2016-06-23,20160623,2016,6,23,3,2
2016-06-24,20160624,2016,6,24,4,2
2016-06-25,20160625,2016,6,25,5,2
2016-06-26,20160626,2016,6,26,6,2
2016-06-27,20160627,2016,6,27,0,2
2016-06-28,20160628,2016,6,28,1,2
2016-06-29,20160629,2016,6,29,2,2
2016-06-30,20160630,2016,6,30,3,2
2016-07-01,20160701,2016,7,1,4,3
2016-07-02,20160702,2016,7,2,5,3
2016-07-03,20160703,2016,7,3,6,3
2016-07-04,20160704,2016,7,4,0,3
2016-07-05,20160705,2016,7,5,1,3
2016-07-06,20160706,2016,7,6,2,3
2016-07-07,20160707,2016,7,7,3,3
2016-07-08,20160708,2016,7,8,4,3
2016-07-09,20160709,2016,7,9,5,3
2016-07-10,20160710,2016,7,10,6,3
2016-07-11,20160711,2016,7,11,0,3
2016-07-12,20160712,2016,7,12,1,3
2016-07-13,20160713,2016,7,13,2,3
2016-07-14,20160714,2016,7,14,3,3
2016-07-15,20160715,2016,7,15,4,3
2016-07-16,20160716,2016,7,16,5,3
2016-07-17,20160717,2016,7,17,6,3
2016-07-18,20160718,2016,7,18,0,3
2016-07-19,20160719,2016,7,19,1,3
2016-07-20,20160720,2016,7,20,2,3
2016-07-21,20160721,2016,7,21,3,3
2016-07-22,20160722,2016,7,22,4,3
2016-07-23,20160723,2016,7,23,5,3
2016-07-24,20160724,2016,7,24,6,3
2016-07-25,20160725,2016,7,25,0,3
2016-07-26,20160726,2016,7,26,1,3
2016-07-27,20160727,2016,7,27,2,3
2016-07-28,20160728,2016,7,28,3,3
2016-07-29,20160729,2016,7,29,4,3
2016-07-30,20160730,2016,7,30,5,3
2016-07-31,20160731,2016,7,31,6,3
2016-08-01,20160801,2016,8,1,0,3
2016-08-02,20160802,2016,8,2,1,3
2016-08-03,20160803,2016,8,3,2,3
2016-08-04,20160804,2016,8,4,3,3
2016-08-05,20160805,2016,8,5,4,3
2016-08-06,20160806,2016,8,6,5,3
2016-08-07,20160807,2016,8,7,6,3
2016-08-08,20160808,2016,8,8,0,3
2016-08-09,20160809,2016,8,9,1,3
2016-08-10,20160810,2016,8,10,2,3
2016-08-11,20160811,2016,8,11,3,3
2016-08-12,20160812,2016,8,12,4,3
2016-08-13,20160813,2016,8,13,5,3
2016-08-14,20160814,2016,8,14,6,3
2016-08-15,20160815,2016,8,15,0,3
2016-08-16,20160816,2016,8,16,1,3
2016-08-17,20160817,2016,8,17,2,3
2016-08-18,20160818,2016,8,18,3,3
2016-08-19,20160819,2016,8,19,4,3
2016-08-20,20160820,2016,8,20,5,3
2016-08-21,20160821,2016,8,21,6,3
2016-08-22,20160822,2016,8,22,0,3
2016-08-23,20160823,2016,8,23,1,3
2016-08-24,20160824,2016,8,24,2,3
2016-08-25,20160825,2016,8,25,3,3
2016-08-26,20160826,2016,8,26,4,3
2016-08-27,20160827,2016,8,27,5,3
2016-08-28,20160828,2016,8,28,6,3
2016-08-29,20160829,2016,8,29,0,3
2016-08-30,20160830,2016,8,30,1,3
2016-08-31,20160831,2016,8,31,2,3
2016-09-01,20160901,2016,9,1,3,3
2016-09-02,20160902,2016,9,2,4,3
2016-09-03,20160903,2016,9,3,5,3
2016-09-04,20160904,2016,9,4,6,3
2016-09-05,20160905,2016,9,5,0,3
2016-09-06,20160906,2016,9,6,1,3
2016-09-07,20160907,2016,9,7,2,3
2016-09-08,20160908,2016,9,8,3,3
2016-09-09,20160909,2016,9,9,4,3
2016-09-10,20160910,2016,9,10,5,3
2016-09-11,20160911,2016,9,11,6,3
2016-09-12,20160912,2016,9,12,0,3
2016-09-13,20160913,2016,9,13,1,3
2016-09-14,20160914,2016,9,14,2,3
2016-09-15,20160915,2016,9,15,3,3
2016-09-16,20160916,2016,9,16,4,3
2016-09-17,20160917,2016,9,17,5,3
2016-09-18,20160918,2016,9,18,6,3
2016-09-19,20160919,2016,9,19,0,3
2016-09-20,20160920,2016,9,20,1,3
2016-09-21,20160921,2016,9,21,2,3
2016-09-22,20160922,2016,9,22,3,3
2016-09-23,20160923,2016,9,23,4,3
2016-09-24,20160924,2016,9,24,5,3
2016-09-25,20160925,2016,9,25,6,3
2016-09-26,20160926,2016,9,26,0,3
2016-09-27,20160927,2016,9,27,1,3
2016-09-28,20160928,2016,9,28,2,3
2016-09-29,20160929,2016,9,29,3,3
2016-09-30,20160930,2016,9,30,4,3
2016-10-01,20161001,2016,10,1,5,4
2016-10-02,20161002,2016,10,2,6,4
2016-10-03,20161003,2016,10,3,0,4
2016-10-04,20161004,2016,10,4,1,4
2016-10-05,20161005,2016,10,5,2,4
2016-10-06,20161006,2016,10,6,3,4
2016-10-07,20161007,2016,10,7,4,4
2016-10-08,20161008,2016,10,8,5,4
2016-10-09,20161009,2016,10,9,6,4
2016-10-10,20161010,2016,10,10,0,4
2016-10-11,20161011,2016,10,11,1,4
2016-10-12,20161012,2016,10,12,2,4
2016-10-13,20161013,2016,10,13,3,4
2016-10-14,20161014,2016,10,14,4,4
2016-10-15,20161015,2016,10,15,5,4
2016-10-16,20161016,2016,10,16,6,4
2016-10-17,20161017,2016,10,17,0,4
2016-10-18,20161018,2016,10,18,1,4
2016-10-19,20161019,2016,10,19,2,4
2016-10-20,20161020,2016,10,20,3,4
2016-10-21,20161021,2016,10,21,4,4
2016-10-22,20161022,2016,10,22,5,4
2016-10-23,20161023,2016,10,23,6,4
2016-10-24,20161024,2016,10,24,0,4
2016-10-25,20161025,2016,10,25,1,4
2016-10-26,20161026,2016,10,26,2,4
2016-10-27,20161027,2016,10,27,3,4
2016-10-28,20161028,2016,10,28,4,4
2016-10-29,20161029,2016,10,29,5,4
2016-10-30,20161030,2016,10,30,6,4
2016-10-31,20161031,2016,10,31,0,4
2016-11-01,20161101,2016,11,1,1,4
2016-11-02,20161102,2016,11,2,2,4
2016-11-03,20161103,2016,11,3,3,4
2016-11-04,20161104,2016,11,4,4,4
2016-11-05,20161105,2016,11,5,5,4
2016-11-06,20161106,2016,11,6,6,4
2016-11-07,20161107,2016,11,7,0,4
2016-11-08,20161108,2016,11,8,1,4
2016-11-09,20161109,2016,11,9,2,4
2016-11-10,20161110,2016,11,10,3,4
2016-11-11,20161111,2016,11,11,4,4
2016-11-12,20161112,2016,11,12,5,4
2016-11-13,20161113,2016,11,13,6,4
2016-11-14,20161114,2016,11,14,0,4
2016-11-15,20161115,2016,11,15,1,4
2016-11-16,20161116,2016,11,16,2,4
2016-11-17,20161117,2016,11,17,3,4
2016-11-18,20161118,2016,11,18,4,4
2016-11-19,20161119,2016,11,19,5,4
2016-11-20,20161120,2016,11,20,6,4
2016-11-21,20161121,2016,11,21,0,4
2016-11-22,20161122,2016,11,22,1,4
2016-11-23,20161123,2016,11,23,2,4
2016-11-24,20161124,2016,11,24,3,4
2016-11-25,20161125,2016,11,25,4,4
2016-11-26,20161126,2016,11,26,5,4
2016-11-27,20161127,2016,11,27,6,4
2016-11-28,20161128,2016,11,28,0,4
2016-11-29,20161129,2016,11,29,1,4
2016-11-30,20161130,2016,11,30,2,4
2016-12-01,20161201,2016,12,1,3,4
2016-12-02,20161202,2016,12,2,4,4
2016-12-03,20161203,2016,12,3,5,4
2016-12-04,20161204,2016,12,4,6,4
2016-12-05,20161205,2016,12,5,0,4
2016-12-06,20161206,2016,12,6,1,4
2016-12-07,20161207,2016,12,7,2,4
2016-12-08,20161208,2016,12,8,3,4
2016-12-09,20161209,2016,12,9,4,4
2016-12-10,20161210,2016,12,10,5,4
2016-12-11,20161211,2016,12,11,6,4
2016-12-12,20161212,2016,12,12,0,4
2016-12-13,20161213,2016,12,13,1,4
2016-12-14,20161214,2016,12,14,2,4
2016-12-15,20161215,2016,12,15,3,4
2016-12-16,20161216,2016,12,16,4,4
2016-12-17,20161217,2016,12,17,5,4
2016-12-18,20161218,2016,12,18,6,4
2016-12-19,20161219,2016,12,19,0,4
2016-12-20,20161220,2016,12,20,1,4
2016-12-21,20161221,2016,12,21,2,4
2016-12-22,20161222,2016,12,22,3,4
2016-12-23,20161223,2016,12,23,4,4
2016-12-24,20161224,2016,12,24,5,4
2016-12-25,20161225,2016,12,25,6,4
2016-12-26,20161226,2016,12,26,0,4
2016-12-27,20161227,2016,12,27,1,4
2016-12-28,20161228,2016,12,28,2,4
2016-12-29,20161229,2016,12,29,3,4
2016-12-30,20161230,2016,12,30,4,4
2016-12-31,20161231,2016,12,31,5,4
2017-01-01,20170101,2017,1,1,6,1
2017-01-02,20170102,2017,1,2,0,1
2017-01-03,20170103,2017,1,3,1,1
2017-01-04,20170104,2017,1,4,2,1
2017-01-05,20170105,2017,1,5,3,1
2017-01-06,20170106,2017,1,6,4,1
2017-01-07,20170107,2017,1,7,5,1
2017-01-08,20170108,2017,1,8,6,1
2017-01-09,20170109,2017,1,9,0,1
2017-01-10,20170110,2017,1,10,1,1
2017-01-11,20170111,2017,1,11,2,1
2017-01-12,20170112,2017,1,12,3,1
2017-01-13,20170113,2017,1,13,4,1
2017-01-14,20170114,2017,1,14,5,1
2017-01-15,20170115,2017,1,15,6,1
2017-01-16,20170116,2017,1,16,0,1
2017-01-17,20170117,2017,1,17,1,1
2017-01-18,20170118,2017,1,18,2,1
2017-01-19,20170119,2017,1,19,3,1
2017-01-20,20170120,2017,1,20,4,1
2017-01-21,20170121,2017,1,21,5,1
2017-01-22,20170122,2017,1,22,6,1
2017-01-23,20170123,2017,1,23,0,1
2017-01-24,20170124,2017,1,24,1,1
2017-01-25,20170125,2017,1,25,2,1
2017-01-26,20170126,2017,1,26,3,1
2017-01-27,20170127,2017,1,27,4,1
2017-01-28,20170128,2017,1,28,5,1
2017-01-29,20170129,2017,1,29,6,1
2017-01-30,20170130,2017,1,30,0,1
2017-01-31,20170131,2017,1,31,1,1
2017-02-01,20170201,2017,2,1,2,1
2017-02-02,20170202,2017,2,2,3,1
2017-02-03,20170203,2017,2,3,4,1
2017-02-04,20170204,2017,2,4,5,1
2017-02-05,20170205,2017,2,5,6,1
2017-02-06,20170206,2017,2,6,0,1
2017-02-07,20170207,2017,2,7,1,1
2017-02-08,20170208,2017,2,8,2,1
2017-02-09,20170209,2017,2,9,3,1
2017-02-10,20170210,2017,2,10,4,1
2017-02-11,20170211,2017,2,11,5,1
2017-02-12,20170212,2017,2,12,6,1
2017-02-13,20170213,2017,2,13,0,1
2017-02-14,20170214,2017,2,14,1,1
2017-02-15,20170215,2017,2,15,2,1
2017-02-16,20170216,2017,2,16,3,1
2017-02-17,20170217,2017,2,17,4,1
2017-02-18,20170218,2017,2,18,5,1
2017-02-19,20170219,2017,2,19,6,1
2017-02-20,20170220,2017,2,20,0,1
2017-02-21,20170221,2017,2,21,1,1
2017-02-22,20170222,2017,2,22,2,1
2017-02-23,20170223,2017,2,23,3,1
2017-02-24,20170224,2017,2,24,4,1
2017-02-25,20170225,2017,2,25,5,1
2017-02-26,20170226,2017,2,26,6,1
2017-02-27,20170227,2017,2,27,0,1
2017-02-28,20170228,2017,2,28,1,1
2017-03-01,20170301,2017,3,1,2,1
2017-03-02,20170302,2017,3,2,3,1
2017-03-03,20170303,2017,3,3,4,1
2017-03-04,20170304,2017,3,4,5,1
2017-03-05,20170305,2017,3,5,6,1
2017-03-06,20170306,2017,3,6,0,1
2017-03-07,20170307,2017,3,7,1,1
2017-03-08,20170308,2017,3,8,2,1
2017-03-09,20170309,2017,3,9,3,1
2017-03-10,20170310,2017,3,10,4,1
2017-03-11,20170311,2017,3,11,5,1
2017-03-12,20170312,2017,3,12,6,1
2017-03-13,20170313,2017,3,13,0,1
2017-03-14,20170314,2017,3,14,1,1
2017-03-15,20170315,2017,3,15,2,1
2017-03-16,20170316,2017,3,16,3,1
2017-03-17,20170317,2017,3,17,4,1
2017-03-18,20170318,2017,3,18,5,1
2017-03-19,20170319,2017,3,19,6,1
2017-03-20,20170320,2017,3,20,0,1
2017-03-21,20170321,2017,3,21,1,1
2017-03-22,20170322,2017,3,22,2,1
2017-03-23,20170323,2017,3,23,3,1
2017-03-24,20170324,2017,3,24,4,1
2017-03-25,20170325,2017,3,25,5,1
2017-03-26,20170326,2017,3,26,6,1
2017-03-27,20170327,2017,3,27,0,1
2017-03-28,20170328,2017,3,28,1,1
2017-03-29,20170329,2017,3,29,2,1
2017-03-30,20170330,2017,3,30,3,1
2017-03-31,20170331,2017,3,31,4,1
2017-04-01,20170401,2017,4,1,5,2
2017-04-02,20170402,2017,4,2,6,2
2017-04-03,20170403,2017,4,3,0,2
2017-04-04,20170404,2017,4,4,1,2
2017-04-05,20170405,2017,4,5,2,2
2017-04-06,20170406,2017,4,6,3,2
2017-04-07,20170407,2017,4,7,4,2
2017-04-08,20170408,2017,4,8,5,2
2017-04-09,20170409,2017,4,9,6,2
2017-04-10,20170410,2017,4,10,0,2
2017-04-11,20170411,2017,4,11,1,2
2017-04-12,20170412,2017,4,12,2,2
2017-04-13,20170413,2017,4,13,3,2
2017-04-14,20170414,2017,4,14,4,2
2017-04-15,20170415,2017,4,15,5,2
2017-04-16,20170416,2017,4,16,6,2
2017-04-17,20170417,2017,4,17,0,2
2017-04-18,20170418,2017,4,18,1,2
2017-04-19,20170419,2017,4,19,2,2
2017-04-20,20170420,2017,4,20,3,2
2017-04-21,20170421,2017,4,21,4,2
2017-04-22,20170422,2017,4,22,5,2
2017-04-23,20170423,2017,4,23,6,2
2017-04-24,20170424,2017,4,24,0,2
2017-04-25,20170425,2017,4,25,1,2
2017-04-26,20170426,2017,4,26,2,2
2017-04-27,20170427,2017,4,27,3,2
2017-04-28,20170428,2017,4,28,4,2
2017-04-29,20170429,2017,4,29,5,2
2017-04-30,20170430,2017,4,30,6,2
2017-05-01,20170501,2017,5,1,0,2
2017-05-02,20170502,2017,5,2,1,2
2017-05-03,20170503,2017,5,3,2,2
2017-05-04,20170504,2017,5,4,3,2
2017-05-05,20170505,2017,5,5,4,2
2017-05-06,20170506,2017,5,6,5,2
2017-05-07,20170507,2017,5,7,6,2
2017-05-08,20170508,2017,5,8,0,2
2017-05-09,20170509,2017,5,9,1,2
2017-05-10,20170510,2017,5,10,2,2
2017-05-11,20170511,2017,5,11,3,2
2017-05-12,20170512,2017,5,12,4,2
2017-05-13,20170513,2017,5,13,5,2
2017-05-14,20170514,2017,5,14,6,2
2017-05-15,20170515,2017,5,15,0,2
2017-05-16,20170516,2017,5,16,1,2
2017-05-17,20170517,2017,5,17,2,2
2017-05-18,20170518,2017,5,18,3,2
2017-05-19,20170519,2017,5,19,4,2
2017-05-20,20170520,2017,5,20,5,2
2017-05-21,20170521,2017,5,21,6,2
2017-05-22,20170522,2017,5,22,0,2
2017-05-23,20170523,2017,5,23,1,2
2017-05-24,20170524,2017,5,24,2,2
2017-05-25,20170525,2017,5,25,3,2
2017-05-26,20170526,2017,5,26,4,2
2017-05-27,20170527,2017,5,27,5,2
2017-05-28,20170528,2017,5,28,6,2
2017-05-29,20170529,2017,5,29,0,2
2017-05-30,20170530,2017,5,30,1,2
2017-05-31,20170531,2017,5,31,2,2
2017-06-01,20170601,2017,6,1,3,2
2017-06-02,20170602,2017,6,2,4,2
2017-06-03,20170603,2017,6,3,5,2
2017-06-04,20170604,2017,6,4,6,2
2017-06-05,20170605,2017,6,5,0,2
2017-06-06,20170606,2017,6,6,1,2
2017-06-07,20170607,2017,6,7,2,2
2017-06-08,20170608,2017,6,8,3,2
2017-06-09,20170609,2017,6,9,4,2
2017-06-10,20170610,2017,6,10,5,2
2017-06-11,20170611,2017,6,11,6,2
2017-06-12,20170612,2017,6,12,0,2
2017-06-13,20170613,2017,6,13,1,2
2017-06-14,20170614,2017,6,14,2,2
2017-06-15,20170615,2017,6,15,3,2
2017-06-16,20170616,2017,6,16,4,2
2017-06-17,20170617,2017,6,17,5,2
2017-06-18,20170618,2017,6,18,6,2
2017-06-19,20170619,2017,6,19,0,2
2017-06-20,20170620,2017,6,20,1,2
2017-06-21,20170621,2017,6,21,2,2
2017-06-22,20170622,2017,6,22,3,2
2017-06-23,20170623,2017,6,23,4,2
2017-06-24,20170624,2017,6,24,5,2
2017-06-25,20170625,2017,6,25,6,2
2017-06-26,20170626,2017,6,26,0,2
2017-06-27,20170627,2017,6,27,1,2
2017-06-28,20170628,2017,6,28,2,2
2017-06-29,20170629,2017,6,29,3,2
2017-06-30,20170630,2017,6,30,4,2
2017-07-01,20170701,2017,7,1,5,3
2017-07-02,20170702,2017,7,2,6,3
2017-07-03,20170703,2017,7,3,0,3
2017-07-04,20170704,2017,7,4,1,3
2017-07-05,20170705,2017,7,5,2,3
2017-07-06,20170706,2017,7,6,3,3
2017-07-07,20170707,2017,7,7,4,3
2017-07-08,20170708,2017,7,8,5,3
2017-07-09,20170709,2017,7,9,6,3
2017-07-10,20170710,2017,7,10,0,3
2017-07-11,20170711,2017,7,11,1,3
2017-07-12,20170712,2017,7,12,2,3
2017-07-13,20170713,2017,7,13,3,3
2017-07-14,20170714,2017,7,14,4,3
2017-07-15,20170715,2017,7,15,5,3
2017-07-16,20170716,2017,7,16,6,3
2017-07-17,20170717,2017,7,17,0,3
2017-07-18,20170718,2017,7,18,1,3
2017-07-19,20170719,2017,7,19,2,3
2017-07-20,20170720,2017,7,20,3,3
2017-07-21,20170721,2017,7,21,4,3
2017-07-22,20170722,2017,7,22,5,3
2017-07-23,20170723,2017,7,23,6,3
2017-07-24,20170724,2017,7,24,0,3
2017-07-25,20170725,2017,7,25,1,3
2017-07-26,20170726,2017,7,26,2,3
2017-07-27,20170727,2017,7,27,3,3
2017-07-28,20170728,2017,7,28,4,3
2017-07-29,20170729,2017,7,29,5,3
2017-07-30,20170730,2017,7,30,6,3
2017-07-31,20170731,2017,7,31,0,3
2017-08-01,20170801,2017,8,1,1,3
2017-08-02,20170802,2017,8,2,2,3
2017-08-03,20170803,2017,8,3,3,3
2017-08-04,20170804,2017,8,4,4,3
2017-08-05,20170805,2017,8,5,5,3
2017-08-06,20170806,2017,8,6,6,3
2017-08-07,20170807,2017,8,7,0,3
2017-08-08,20170808,2017,8,8,1,3
2017-08-09,20170809,2017,8,9,2,3
2017-08-10,20170810,2017,8,10,3,3
2017-08-11,20170811,2017,8,11,4,3
2017-08-12,20170812,2017,8,12,5,3
2017-08-13,20170813,2017,8,13,6,3
2017-08-14,20170814,2017,8,14,0,3
2017-08-15,20170815,2017,8,15,1,3
2017-08-16,20170816,2017,8,16,2,3
2017-08-17,20170817,2017,8,17,3,3
2017-08-18,20170818,2017,8,18,4,3
2017-08-19,20170819,2017,8,19,5,3
2017-08-20,20170820,2017,8,20,6,3
2017-08-21,20170821,2017,8,21,0,3
2017-08-22,20170822,2017,8,22,1,3
2017-08-23,20170823,2017,8,23,2,3
2017-08-24,20170824,2017,8,24,3,3
2017-08-25,20170825,2017,8,25,4,3
2017-08-26,20170826,2017,8,26,5,3
2017-08-27,20170827,2017,8,27,6,3
2017-08-28,20170828,2017,8,28,0,3
2017-08-29,20170829,2017,8,29,1,3
2017-08-30,20170830,2017,8,30,2,3
2017-08-31,20170831,2017,8,31,3,3
2017-09-01,20170901,2017,9,1,4,3
2017-09-02,20170902,2017,9,2,5,3
2017-09-03,20170903,2017,9,3,6,3
2017-09-04,20170904,2017,9,4,0,3
2017-09-05,20170905,2017,9,5,1,3
2017-09-06,20170906,2017,9,6,2,3
2017-09-07,20170907,2017,9,7,3,3
2017-09-08,20170908,2017,9,8,4,3
2017-09-09,20170909,2017,9,9,5,3
2017-09-10,20170910,2017,9,10,6,3
2017-09-11,20170911,2017,9,11,0,3
2017-09-12,20170912,2017,9,12,1,3
2017-09-13,20170913,2017,9,13,2,3
2017-09-14,20170914,2017,9,14,3,3
2017-09-15,20170915,2017,9,15,4,3
2017-09-16,20170916,2017,9,16,5,3
2017-09-17,20170917,2017,9,17,6,3
2017-09-18,20170918,2017,9,18,0,3
2017-09-19,20170919,2017,9,19,1,3
2017-09-20,20170920,2017,9,20,2,3
2017-09-21,20170921,2017,9,21,3,3
2017-09-22,20170922,2017,9,22,4,3
2017-09-23,20170923,2017,9,23,5,3
2017-09-24,20170924,2017,9,24,6,3
2017-09-25,20170925,2017,9,25,0,3
2017-09-26,20170926,2017,9,26,1,3
2017-09-27,20170927,2017,9,27,2,3
2017-09-28,20170928,2017,9,28,3,3
2017-09-29,20170929,2017,9,29,4,3
2017-09-30,20170930,2017,9,30,5,3
2017-10-01,20171001,2017,10,1,6,4
2017-10-02,20171002,2017,10,2,0,4
2017-10-03,20171003,2017,10,3,1,4
2017-10-04,20171004,2017,10,4,2,4
2017-10-05,20171005,2017,10,5,3,4
2017-10-06,20171006,2017,10,6,4,4
2017-10-07,20171007,2017,10,7,5,4
2017-10-08,20171008,2017,10,8,6,4
2017-10-09,20171009,2017,10,9,0,4
2017-10-10,20171010,2017,10,10,1,4
2017-10-11,20171011,2017,10,11,2,4
2017-10-12,20171012,2017,10,12,3,4
2017-10-13,20171013,2017,10,13,4,4
2017-10-14,20171014,2017,10,14,5,4
2017-10-15,20171015,2017,10,15,6,4
2017-10-16,20171016,2017,10,16,0,4
2017-10-17,20171017,2017,10,17,1,4
2017-10-18,20171018,2017,10,18,2,4
2017-10-19,20171019,2017,10,19,3,4
2017-10-20,20171020,2017,10,20,4,4
2017-10-21,20171021,2017,10,21,5,4
2017-10-22,20171022,2017,10,22,6,4
2017-10-23,20171023,2017,10,23,0,4
2017-10-24,20171024,2017,10,24,1,4
2017-10-25,20171025,2017,10,25,2,4
2017-10-26,20171026,2017,10,26,3,4
2017-10-27,20171027,2017,10,27,4,4
2017-10-28,20171028,2017,10,28,5,4
2017-10-29,20171029,2017,10,29,6,4
2017-10-30,20171030,2017,10,30,0,4
2017-10-31,20171031,2017,10,31,1,4
2017-11-01,20171101,2017,11,1,2,4
2017-11-02,20171102,2017,11,2,3,4
2017-11-03,20171103,2017,11,3,4,4
2017-11-04,20171104,2017,11,4,5,4
2017-11-05,20171105,2017,11,5,6,4
2017-11-06,20171106,2017,11,6,0,4
2017-11-07,20171107,2017,11,7,1,4
2017-11-08,20171108,2017,11,8,2,4
2017-11-09,20171109,2017,11,9,3,4
2017-11-10,20171110,2017,11,10,4,4
2017-11-11,20171111,2017,11,11,5,4
2017-11-12,20171112,2017,11,12,6,4
2017-11-13,20171113,2017,11,13,0,4
2017-11-14,20171114,2017,11,14,1,4
2017-11-15,20171115,2017,11,15,2,4
2017-11-16,20171116,2017,11,16,3,4
2017-11-17,20171117,2017,11,17,4,4
2017-11-18,20171118,2017,11,18,5,4
2017-11-19,20171119,2017,11,19,6,4
2017-11-20,20171120,2017,11,20,0,4
2017-11-21,20171121,2017,11,21,1,4
2017-11-22,20171122,2017,11,22,2,4
2017-11-23,20171123,2017,11,23,3,4
2017-11-24,20171124,2017,11,24,4,4
2017-11-25,20171125,2017,11,25,5,4
2017-11-26,20171126,2017,11,26,6,4
2017-11-27,20171127,2017,11,27,0,4
2017-11-28,20171128,2017,11,28,1,4
2017-11-29,20171129,2017,11,29,2,4
2017-11-30,20171130,2017,11,30,3,4
2017-12-01,20171201,2017,12,1,4,4
2017-12-02,20171202,2017,12,2,5,4
2017-12-03,20171203,2017,12,3,6,4
2017-12-04,20171204,2017,12,4,0,4
2017-12-05,20171205,2017,12,5,1,4
2017-12-06,20171206,2017,12,6,2,4
2017-12-07,20171207,2017,12,7,3,4
2017-12-08,20171208,2017,12,8,4,4
2017-12-09,20171209,2017,12,9,5,4
2017-12-10,20171210,2017,12,10,6,4
2017-12-11,20171211,2017,12,11,0,4
2017-12-12,20171212,2017,12,12,1,4
2017-12-13,20171213,2017,12,13,2,4
2017-12-14,20171214,2017,12,14,3,4
2017-12-15,20171215,2017,12,15,4,4
2017-12-16,20171216,2017,12,16,5,4
2017-12-17,20171217,2017,12,17,6,4
2017-12-18,20171218,2017,12,18,0,4
2017-12-19,20171219,2017,12,19,1,4
2017-12-20,20171220,2017,12,20,2,4
2017-12-21,20171221,2017,12,21,3,4
2017-12-22,20171222,2017,12,22,4,4
2017-12-23,20171223,2017,12,23,5,4
2017-12-24,20171224,2017,12,24,6,4
2017-12-25,20171225,2017,12,25,0,4
2017-12-26,20171226,2017,12,26,1,4
2017-12-27,20171227,2017,12,27,2,4
2017-12-28,20171228,2017,12,28,3,4
2017-12-29,20171229,2017,12,29,4,4
2017-12-30,20171230,2017,12,30,5,4
2017-12-31,20171231,2017,12,31,6,4
2018-01-01,20180101,2018,1,1,0,1
2018-01-02,20180102,2018,1,2,1,1
2018-01-03,20180103,2018,1,3,2,1
2018-01-04,20180104,2018,1,4,3,1
2018-01-05,20180105,2018,1,5,4,1
2018-01-06,20180106,2018,1,6,5,1
2018-01-07,20180107,2018,1,7,6,1
2018-01-08,20180108,2018,1,8,0,1
2018-01-09,20180109,2018,1,9,1,1
2018-01-10,20180110,2018,1,10,2,1
2018-01-11,20180111,2018,1,11,3,1
2018-01-12,20180112,2018,1,12,4,1
2018-01-13,20180113,2018,1,13,5,1
2018-01-14,20180114,2018,1,14,6,1
2018-01-15,20180115,2018,1,15,0,1
2018-01-16,20180116,2018,1,16,1,1
2018-01-17,20180117,2018,1,17,2,1
2018-01-18,20180118,2018,1,18,3,1
2018-01-19,20180119,2018,1,19,4,1
2018-01-20,20180120,2018,1,20,5,1
2018-01-21,20180121,2018,1,21,6,1
2018-01-22,20180122,2018,1,22,0,1
2018-01-23,20180123,2018,1,23,1,1
2018-01-24,20180124,2018,1,24,2,1
2018-01-25,20180125,2018,1,25,3,1
2018-01-26,20180126,2018,1,26,4,1
2018-01-27,20180127,2018,1,27,5,1
2018-01-28,20180128,2018,1,28,6,1
2018-01-29,20180129,2018,1,29,0,1
2018-01-30,20180130,2018,1,30,1,1
2018-01-31,20180131,2018,1,31,2,1
2018-02-01,20180201,2018,2,1,3,1
2018-02-02,20180202,2018,2,2,4,1
2018-02-03,20180203,2018,2,3,5,1
2018-02-04,20180204,2018,2,4,6,1
2018-02-05,20180205,2018,2,5,0,1
2018-02-06,20180206,2018,2,6,1,1
2018-02-07,20180207,2018,2,7,2,1
2018-02-08,20180208,2018,2,8,3,1
2018-02-09,20180209,2018,2,9,4,1
2018-02-10,20180210,2018,2,10,5,1
2018-02-11,20180211,2018,2,11,6,1
2018-02-12,20180212,2018,2,12,0,1
2018-02-13,20180213,2018,2,13,1,1
2018-02-14,20180214,2018,2,14,2,1
2018-02-15,20180215,2018,2,15,3,1
2018-02-16,20180216,2018,2,16,4,1
2018-02-17,20180217,2018,2,17,5,1
2018-02-18,20180218,2018,2,18,6,1
2018-02-19,20180219,2018,2,19,0,1
2018-02-20,20180220,2018,2,20,1,1
2018-02-21,20180221,2018,2,21,2,1
2018-02-22,20180222,2018,2,22,3,1
2018-02-23,20180223,2018,2,23,4,1
2018-02-24,20180224,2018,2,24,5,1
2018-02-25,20180225,2018,2,25,6,1
2018-02-26,20180226,2018,2,26,0,1
2018-02-27,20180227,2018,2,27,1,1
2018-02-28,20180228,2018,2,28,2,1
2018-03-01,20180301,2018,3,1,3,1
2018-03-02,20180302,2018,3,2,4,1
2018-03-03,20180303,2018,3,3,5,1
2018-03-04,20180304,2018,3,4,6,1
2018-03-05,20180305,2018,3,5,0,1
2018-03-06,20180306,2018,3,6,1,1
2018-03-07,20180307,2018,3,7,2,1
2018-03-08,20180308,2018,3,8,3,1
2018-03-09,20180309,2018,3,9,4,1
2018-03-10,20180310,2018,3,10,5,1
2018-03-11,20180311,2018,3,11,6,1
2018-03-12,20180312,2018,3,12,0,1
2018-03-13,20180313,2018,3,13,1,1
2018-03-14,20180314,2018,3,14,2,1
2018-03-15,20180315,2018,3,15,3,1
2018-03-16,20180316,2018,3,16,4,1
2018-03-17,20180317,2018,3,17,5,1
2018-03-18,20180318,2018,3,18,6,1
2018-03-19,20180319,2018,3,19,0,1
2018-03-20,20180320,2018,3,20,1,1
2018-03-21,20180321,2018,3,21,2,1
2018-03-22,20180322,2018,3,22,3,1
2018-03-23,20180323,2018,3,23,4,1
2018-03-24,20180324,2018,3,24,5,1
2018-03-25,20180325,2018,3,25,6,1
2018-03-26,20180326,2018,3,26,0,1
2018-03-27,20180327,2018,3,27,1,1
2018-03-28,20180328,2018,3,28,2,1
2018-03-29,20180329,2018,3,29,3,1
2018-03-30,20180330,2018,3,30,4,1
2018-03-31,20180331,2018,3,31,5,1
2018-04-01,20180401,2018,4,1,6,2
2018-04-02,20180402,2018,4,2,0,2
2018-04-03,20180403,2018,4,3,1,2
2018-04-04,20180404,2018,4,4,2,2
2018-04-05,20180405,2018,4,5,3,2
2018-04-06,20180406,2018,4,6,4,2
2018-04-07,20180407,2018,4,7,5,2
2018-04-08,20180408,2018,4,8,6,2
2018-04-09,20180409,2018,4,9,0,2
2018-04-10,20180410,2018,4,10,1,2
2018-04-11,20180411,2018,4,11,2,2
2018-04-12,20180412,2018,4,12,3,2
2018-04-13,20180413,2018,4,13,4,2
2018-04-14,20180414,2018,4,14,5,2
2018-04-15,20180415,2018,4,15,6,2
2018-04-16,20180416,2018,4,16,0,2
2018-04-17,20180417,2018,4,17,1,2
2018-04-18,20180418,2018,4,18,2,2
2018-04-19,20180419,2018,4,19,3,2
2018-04-20,20180420,2018,4,20,4,2
2018-04-21,20180421,2018,4,21,5,2
2018-04-22,20180422,2018,4,22,6,2
2018-04-23,20180423,2018,4,23,0,2
2018-04-24,20180424,2018,4,24,1,2
2018-04-25,20180425,2018,4,25,2,2
2018-04-26,20180426,2018,4,26,3,2
2018-04-27,20180427,2018,4,27,4,2
2018-04-28,20180428,2018,4,28,5,2
2018-04-29,20180429,2018,4,29,6,2
2018-04-30,20180430,2018,4,30,0,2
2018-05-01,20180501,2018,5,1,1,2
2018-05-02,20180502,2018,5,2,2,2
2018-05-03,20180503,2018,5,3,3,2
2018-05-04,20180504,2018,5,4,4,2
2018-05-05,20180505,2018,5,5,5,2
2018-05-06,20180506,2018,5,6,6,2
2018-05-07,20180507,2018,5,7,0,2
2018-05-08,20180508,2018,5,8,1,2
2018-05-09,20180509,2018,5,9,2,2
2018-05-10,20180510,2018,5,10,3,2
2018-05-11,20180511,2018,5,11,4,2
2018-05-12,20180512,2018,5,12,5,2
2018-05-13,20180513,2018,5,13,6,2
2018-05-14,20180514,2018,5,14,0,2
2018-05-15,20180515,2018,5,15,1,2
2018-05-16,20180516,2018,5,16,2,2
2018-05-17,20180517,2018,5,17,3,2
2018-05-18,20180518,2018,5,18,4,2
2018-05-19,20180519,2018,5,19,5,2
2018-05-20,20180520,2018,5,20,6,2
2018-05-21,20180521,2018,5,21,0,2
2018-05-22,20180522,2018,5,22,1,2
2018-05-23,20180523,2018,5,23,2,2
2018-05-24,20180524,2018,5,24,3,2
2018-05-25,20180525,2018,5,25,4,2
2018-05-26,20180526,2018,5,26,5,2
2018-05-27,20180527,2018,5,27,6,2
2018-05-28,20180528,2018,5,28,0,2
2018-05-29,20180529,2018,5,29,1,2
2018-05-30,20180530,2018,5,30,2,2
2018-05-31,20180531,2018,5,31,3,2
2018-06-01,20180601,2018,6,1,4,2
2018-06-02,20180602,2018,6,2,5,2
2018-06-03,20180603,2018,6,3,6,2
2018-06-04,20180604,2018,6,4,0,2
2018-06-05,20180605,2018,6,5,1,2
2018-06-06,20180606,2018,6,6,2,2
2018-06-07,20180607,2018,6,7,3,2
2018-06-08,20180608,2018,6,8,4,2
2018-06-09,20180609,2018,6,9,5,2
2018-06-10,20180610,2018,6,10,6,2
2018-06-11,20180611,2018,6,11,0,2
2018-06-12,20180612,2018,6,12,1,2
2018-06-13,20180613,2018,6,13,2,2
2018-06-14,20180614,2018,6,14,3,2
2018-06-15,20180615,2018,6,15,4,2
2018-06-16,20180616,2018,6,16,5,2
2018-06-17,20180617,2018,6,17,6,2
2018-06-18,20180618,2018,6,18,0,2
2018-06-19,20180619,2018,6,19,1,2
2018-06-20,20180620,2018,6,20,2,2
2018-06-21,20180621,2018,6,21,3,2
2018-06-22,20180622,2018,6,22,4,2
2018-06-23,20180623,2018,6,23,5,2
2018-06-24,20180624,2018,6,24,6,2
2018-06-25,20180625,2018,6,25,0,2
2018-06-26,20180626,2018,6,26,1,2
2018-06-27,20180627,2018,6,27,2,2
2018-06-28,20180628,2018,6,28,3,2
2018-06-29,20180629,2018,6,29,4,2
2018-06-30,20180630,2018,6,30,5,2
2018-07-01,20180701,2018,7,1,6,3
2018-07-02,20180702,2018,7,2,0,3
2018-07-03,20180703,2018,7,3,1,3
2018-07-04,20180704,2018,7,4,2,3
2018-07-05,20180705,2018,7,5,3,3
2018-07-06,20180706,2018,7,6,4,3
2018-07-07,20180707,2018,7,7,5,3
2018-07-08,20180708,2018,7,8,6,3
2018-07-09,20180709,2018,7,9,0,3
2018-07-10,20180710,2018,7,10,1,3
2018-07-11,20180711,2018,7,11,2,3
2018-07-12,20180712,2018,7,12,3,3
2018-07-13,20180713,2018,7,13,4,3
2018-07-14,20180714,2018,7,14,5,3
2018-07-15,20180715,2018,7,15,6,3
2018-07-16,20180716,2018,7,16,0,3
2018-07-17,20180717,2018,7,17,1,3
2018-07-18,20180718,2018,7,18,2,3
2018-07-19,20180719,2018,7,19,3,3
2018-07-20,20180720,2018,7,20,4,3
2018-07-21,20180721,2018,7,21,5,3
2018-07-22,20180722,2018,7,22,6,3
2018-07-23,20180723,2018,7,23,0,3
2018-07-24,20180724,2018,7,24,1,3
2018-07-25,20180725,2018,7,25,2,3
2018-07-26,20180726,2018,7,26,3,3
2018-07-27,20180727,2018,7,27,4,3
2018-07-28,20180728,2018,7,28,5,3
2018-07-29,20180729,2018,7,29,6,3
2018-07-30,20180730,2018,7,30,0,3
2018-07-31,20180731,2018,7,31,1,3
2018-08-01,20180801,2018,8,1,2,3
2018-08-02,20180802,2018,8,2,3,3
2018-08-03,20180803,2018,8,3,4,3
2018-08-04,20180804,2018,8,4,5,3
2018-08-05,20180805,2018,8,5,6,3
2018-08-06,20180806,2018,8,6,0,3
2018-08-07,20180807,2018,8,7,1,3
2018-08-08,20180808,2018,8,8,2,3
2018-08-09,20180809,2018,8,9,3,3
2018-08-10,20180810,2018,8,10,4,3
2018-08-11,20180811,2018,8,11,5,3
2018-08-12,20180812,2018,8,12,6,3
2018-08-13,20180813,2018,8,13,0,3
2018-08-14,20180814,2018,8,14,1,3
2018-08-15,20180815,2018,8,15,2,3
2018-08-16,20180816,2018,8,16,3,3
2018-08-17,20180817,2018,8,17,4,3
2018-08-18,20180818,2018,8,18,5,3
2018-08-19,20180819,2018,8,19,6,3
2018-08-20,20180820,2018,8,20,0,3
2018-08-21,20180821,2018,8,21,1,3
2018-08-22,20180822,2018,8,22,2,3
2018-08-23,20180823,2018,8,23,3,3
2018-08-24,20180824,2018,8,24,4,3
2018-08-25,20180825,2018,8,25,5,3
2018-08-26,20180826,2018,8,26,6,3
2018-08-27,20180827,2018,8,27,0,3
2018-08-28,20180828,2018,8,28,1,3
2018-08-29,20180829,2018,8,29,2,3
2018-08-30,20180830,2018,8,30,3,3
2018-08-31,20180831,2018,8,31,4,3
2018-09-01,20180901,2018,9,1,5,3
2018-09-02,20180902,2018,9,2,6,3
2018-09-03,20180903,2018,9,3,0,3
2018-09-04,20180904,2018,9,4,1,3
2018-09-05,20180905,2018,9,5,2,3
2018-09-06,20180906,2018,9,6,3,3
2018-09-07,20180907,2018,9,7,4,3
2018-09-08,20180908,2018,9,8,5,3
2018-09-09,20180909,2018,9,9,6,3
2018-09-10,20180910,2018,9,10,0,3
2018-09-11,20180911,2018,9,11,1,3
2018-09-12,20180912,2018,9,12,2,3
2018-09-13,20180913,2018,9,13,3,3
2018-09-14,20180914,2018,9,14,4,3
2018-09-15,20180915,2018,9,15,5,3
2018-09-16,20180916,2018,9,16,6,3
2018-09-17,20180917,2018,9,17,0,3
2018-09-18,20180918,2018,9,18,1,3
2018-09-19,20180919,2018,9,19,2,3
2018-09-20,20180920,2018,9,20,3,3
2018-09-21,20180921,2018,9,21,4,3
2018-09-22,20180922,2018,9,22,5,3
2018-09-23,20180923,2018,9,23,6,3
2018-09-24,20180924,2018,9,24,0,3
2018-09-25,20180925,2018,9,25,1,3
2018-09-26,20180926,2018,9,26,2,3
2018-09-27,20180927,2018,9,27,3,3
2018-09-28,20180928,2018,9,28,4,3
2018-09-29,20180929,2018,9,29,5,3
2018-09-30,20180930,2018,9,30,6,3
2018-10-01,20181001,2018,10,1,0,4
2018-10-02,20181002,2018,10,2,1,4
2018-10-03,20181003,2018,10,3,2,4
2018-10-04,20181004,2018,10,4,3,4
2018-10-05,20181005,2018,10,5,4,4
2018-10-06,20181006,2018,10,6,5,4
2018-10-07,20181007,2018,10,7,6,4
2018-10-08,20181008,2018,10,8,0,4
2018-10-09,20181009,2018,10,9,1,4
2018-10-10,20181010,2018,10,10,2,4
2018-10-11,20181011,2018,10,11,3,4
2018-10-12,20181012,2018,10,12,4,4
2018-10-13,20181013,2018,10,13,5,4
2018-10-14,20181014,2018,10,14,6,4
2018-10-15,20181015,2018,10,15,0,4
2018-10-16,20181016,2018,10,16,1,4
2018-10-17,20181017,2018,10,17,2,4
2018-10-18,20181018,2018,10,18,3,4
2018-10-19,20181019,2018,10,19,4,4
2018-10-20,20181020,2018,10,20,5,4
2018-10-21,20181021,2018,10,21,6,4
2018-10-22,20181022,2018,10,22,0,4
2018-10-23,20181023,2018,10,23,1,4
2018-10-24,20181024,2018,10,24,2,4
2018-10-25,20181025,2018,10,25,3,4
2018-10-26,20181026,2018,10,26,4,4
2018-10-27,20181027,2018,10,27,5,4
2018-10-28,20181028,2018,10,28,6,4
2018-10-29,20181029,2018,10,29,0,4
2018-10-30,20181030,2018,10,30,1,4
2018-10-31,20181031,2018,10,31,2,4
2018-11-01,20181101,2018,11,1,3,4
2018-11-02,20181102,2018,11,2,4,4
2018-11-03,20181103,2018,11,3,5,4
2018-11-04,20181104,2018,11,4,6,4
2018-11-05,20181105,2018,11,5,0,4
2018-11-06,20181106,2018,11,6,1,4
2018-11-07,20181107,2018,11,7,2,4
2018-11-08,20181108,2018,11,8,3,4
2018-11-09,20181109,2018,11,9,4,4
2018-11-10,20181110,2018,11,10,5,4
2018-11-11,20181111,2018,11,11,6,4
2018-11-12,20181112,2018,11,12,0,4
2018-11-13,20181113,2018,11,13,1,4
2018-11-14,20181114,2018,11,14,2,4
2018-11-15,20181115,2018,11,15,3,4
2018-11-16,20181116,2018,11,16,4,4
2018-11-17,20181117,2018,11,17,5,4
2018-11-18,20181118,2018,11,18,6,4
2018-11-19,20181119,2018,11,19,0,4
2018-11-20,20181120,2018,11,20,1,4
2018-11-21,20181121,2018,11,21,2,4
2018-11-22,20181122,2018,11,22,3,4
2018-11-23,20181123,2018,11,23,4,4
2018-11-24,20181124,2018,11,24,5,4
2018-11-25,20181125,2018,11,25,6,4
2018-11-26,20181126,2018,11,26,0,4
2018-11-27,20181127,2018,11,27,1,4
2018-11-28,20181128,2018,11,28,2,4
2018-11-29,20181129,2018,11,29,3,4
2018-11-30,20181130,2018,11,30,4,4
2018-12-01,20181201,2018,12,1,5,4
2018-12-02,20181202,2018,12,2,6,4
2018-12-03,20181203,2018,12,3,0,4
2018-12-04,20181204,2018,12,4,1,4
2018-12-05,20181205,2018,12,5,2,4
2018-12-06,20181206,2018,12,6,3,4
2018-12-07,20181207,2018,12,7,4,4
2018-12-08,20181208,2018,12,8,5,4
2018-12-09,20181209,2018,12,9,6,4
2018-12-10,20181210,2018,12,10,0,4
2018-12-11,20181211,2018,12,11,1,4
2018-12-12,20181212,2018,12,12,2,4
2018-12-13,20181213,2018,12,13,3,4
2018-12-14,20181214,2018,12,14,4,4
2018-12-15,20181215,2018,12,15,5,4
2018-12-16,20181216,2018,12,16,6,4
2018-12-17,20181217,2018,12,17,0,4
2018-12-18,20181218,2018,12,18,1,4
2018-12-19,20181219,2018,12,19,2,4
2018-12-20,20181220,2018,12,20,3,4
2018-12-21,20181221,2018,12,21,4,4
2018-12-22,20181222,2018,12,22,5,4
2018-12-23,20181223,2018,12,23,6,4
2018-12-24,20181224,2018,12,24,0,4
2018-12-25,20181225,2018,12,25,1,4
2018-12-26,20181226,2018,12,26,2,4
2018-12-27,20181227,2018,12,27,3,4
2018-12-28,20181228,2018,12,28,4,4
2018-12-29,20181229,2018,12,29,5,4
2018-12-30,20181230,2018,12,30,6,4
2018-12-31,20181231,2018,12,31,0,4
2019-01-01,20190101,2019,1,1,1,1
2019-01-02,20190102,2019,1,2,2,1
2019-01-03,20190103,2019,1,3,3,1
2019-01-04,20190104,2019,1,4,4,1
2019-01-05,20190105,2019,1,5,5,1
2019-01-06,20190106,2019,1,6,6,1
2019-01-07,20190107,2019,1,7,0,1
2019-01-08,20190108,2019,1,8,1,1
2019-01-09,20190109,2019,1,9,2,1
2019-01-10,20190110,2019,1,10,3,1
2019-01-11,20190111,2019,1,11,4,1
2019-01-12,20190112,2019,1,12,5,1
2019-01-13,20190113,2019,1,13,6,1
2019-01-14,20190114,2019,1,14,0,1
2019-01-15,20190115,2019,1,15,1,1
2019-01-16,20190116,2019,1,16,2,1
2019-01-17,20190117,2019,1,17,3,1
2019-01-18,20190118,2019,1,18,4,1
2019-01-19,20190119,2019,1,19,5,1
2019-01-20,20190120,2019,1,20,6,1
2019-01-21,20190121,2019,1,21,0,1
2019-01-22,20190122,2019,1,22,1,1
2019-01-23,20190123,2019,1,23,2,1
2019-01-24,20190124,2019,1,24,3,1
2019-01-25,20190125,2019,1,25,4,1
2019-01-26,20190126,2019,1,26,5,1
2019-01-27,20190127,2019,1,27,6,1
2019-01-28,20190128,2019,1,28,0,1
2019-01-29,20190129,2019,1,29,1,1
2019-01-30,20190130,2019,1,30,2,1
2019-01-31,20190131,2019,1,31,3,1
2019-02-01,20190201,2019,2,1,4,1
2019-02-02,20190202,2019,2,2,5,1
2019-02-03,20190203,2019,2,3,6,1
2019-02-04,20190204,2019,2,4,0,1
2019-02-05,20190205,2019,2,5,1,1
2019-02-06,20190206,2019,2,6,2,1
2019-02-07,20190207,2019,2,7,3,1
2019-02-08,20190208,2019,2,8,4,1
2019-02-09,20190209,2019,2,9,5,1
2019-02-10,20190210,2019,2,10,6,1
2019-02-11,20190211,2019,2,11,0,1
2019-02-12,20190212,2019,2,12,1,1
2019-02-13,20190213,2019,2,13,2,1
2019-02-14,20190214,2019,2,14,3,1
2019-02-15,20190215,2019,2,15,4,1
2019-02-16,20190216,2019,2,16,5,1
2019-02-17,20190217,2019,2,17,6,1
2019-02-18,20190218,2019,2,18,0,1
2019-02-19,20190219,2019,2,19,1,1
2019-02-20,20190220,2019,2,20,2,1
2019-02-21,20190221,2019,2,21,3,1
2019-02-22,20190222,2019,2,22,4,1
2019-02-23,20190223,2019,2,23,5,1
2019-02-24,20190224,2019,2,24,6,1
2019-02-25,20190225,2019,2,25,0,1
2019-02-26,20190226,2019,2,26,1,1
2019-02-27,20190227,2019,2,27,2,1
2019-02-28,20190228,2019,2,28,3,1
2019-03-01,20190301,2019,3,1,4,1
2019-03-02,20190302,2019,3,2,5,1
2019-03-03,20190303,2019,3,3,6,1
2019-03-04,20190304,2019,3,4,0,1
2019-03-05,20190305,2019,3,5,1,1
2019-03-06,20190306,2019,3,6,2,1
2019-03-07,20190307,2019,3,7,3,1
2019-03-08,20190308,2019,3,8,4,1
2019-03-09,20190309,2019,3,9,5,1
2019-03-10,20190310,2019,3,10,6,1
2019-03-11,20190311,2019,3,11,0,1
2019-03-12,20190312,2019,3,12,1,1
2019-03-13,20190313,2019,3,13,2,1
2019-03-14,20190314,2019,3,14,3,1
2019-03-15,20190315,2019,3,15,4,1
2019-03-16,20190316,2019,3,16,5,1
2019-03-17,20190317,2019,3,17,6,1
2019-03-18,20190318,2019,3,18,0,1
2019-03-19,20190319,2019,3,19,1,1
2019-03-20,20190320,2019,3,20,2,1
2019-03-21,20190321,2019,3,21,3,1
2019-03-22,20190322,2019,3,22,4,1
2019-03-23,20190323,2019,3,23,5,1
2019-03-24,20190324,2019,3,24,6,1
2019-03-25,20190325,2019,3,25,0,1
2019-03-26,20190326,2019,3,26,1,1
2019-03-27,20190327,2019,3,27,2,1
2019-03-28,20190328,2019,3,28,3,1
2019-03-29,20190329,2019,3,29,4,1
2019-03-30,20190330,2019,3,30,5,1
2019-03-31,20190331,2019,3,31,6,1
2019-04-01,20190401,2019,4,1,0,2
2019-04-02,20190402,2019,4,2,1,2
2019-04-03,20190403,2019,4,3,2,2
2019-04-04,20190404,2019,4,4,3,2
2019-04-05,20190405,2019,4,5,4,2
2019-04-06,20190406,2019,4,6,5,2
2019-04-07,20190407,2019,4,7,6,2
2019-04-08,20190408,2019,4,8,0,2
2019-04-09,20190409,2019,4,9,1,2
2019-04-10,20190410,2019,4,10,2,2
2019-04-11,20190411,2019,4,11,3,2
2019-04-12,20190412,2019,4,12,4,2
2019-04-13,20190413,2019,4,13,5,2
2019-04-14,20190414,2019,4,14,6,2
2019-04-15,20190415,2019,4,15,0,2
2019-04-16,20190416,2019,4,16,1,2
2019-04-17,20190417,2019,4,17,2,2
2019-04-18,20190418,2019,4,18,3,2
2019-04-19,20190419,2019,4,19,4,2
2019-04-20,20190420,2019,4,20,5,2
2019-04-21,20190421,2019,4,21,6,2
2019-04-22,20190422,2019,4,22,0,2
2019-04-23,20190423,2019,4,23,1,2
2019-04-24,20190424,2019,4,24,2,2
2019-04-25,20190425,2019,4,25,3,2
2019-04-26,20190426,2019,4,26,4,2
2019-04-27,20190427,2019,4,27,5,2
2019-04-28,20190428,2019,4,28,6,2
2019-04-29,20190429,2019,4,29,0,2
2019-04-30,20190430,2019,4,30,1,2
2019-05-01,20190501,2019,5,1,2,2
2019-05-02,20190502,2019,5,2,3,2
2019-05-03,20190503,2019,5,3,4,2
2019-05-04,20190504,2019,5,4,5,2
2019-05-05,20190505,2019,5,5,6,2
2019-05-06,20190506,2019,5,6,0,2
2019-05-07,20190507,2019,5,7,1,2
2019-05-08,20190508,2019,5,8,2,2
2019-05-09,20190509,2019,5,9,3,2
2019-05-10,20190510,2019,5,10,4,2
2019-05-11,20190511,2019,5,11,5,2
2019-05-12,20190512,2019,5,12,6,2
2019-05-13,20190513,2019,5,13,0,2
2019-05-14,20190514,2019,5,14,1,2
2019-05-15,20190515,2019,5,15,2,2
2019-05-16,20190516,2019,5,16,3,2
2019-05-17,20190517,2019,5,17,4,2
2019-05-18,20190518,2019,5,18,5,2
2019-05-19,20190519,2019,5,19,6,2
2019-05-20,20190520,2019,5,20,0,2
2019-05-21,20190521,2019,5,21,1,2
2019-05-22,20190522,2019,5,22,2,2
2019-05-23,20190523,2019,5,23,3,2
2019-05-24,20190524,2019,5,24,4,2
2019-05-25,20190525,2019,5,25,5,2
2019-05-26,20190526,2019,5,26,6,2
2019-05-27,20190527,2019,5,27,0,2
2019-05-28,20190528,2019,5,28,1,2
2019-05-29,20190529,2019,5,29,2,2
2019-05-30,20190530,2019,5,30,3,2
2019-05-31,20190531,2019,5,31,4,2
2019-06-01,20190601,2019,6,1,5,2
2019-06-02,20190602,2019,6,2,6,2
2019-06-03,20190603,2019,6,3,0,2
2019-06-04,20190604,2019,6,4,1,2
2019-06-05,20190605,2019,6,5,2,2
2019-06-06,20190606,2019,6,6,3,2
2019-06-07,20190607,2019,6,7,4,2
2019-06-08,20190608,2019,6,8,5,2
2019-06-09,20190609,2019,6,9,6,2
2019-06-10,20190610,2019,6,10,0,2
2019-06-11,20190611,2019,6,11,1,2
2019-06-12,20190612,2019,6,12,2,2
2019-06-13,20190613,2019,6,13,3,2
2019-06-14,20190614,2019,6,14,4,2
2019-06-15,20190615,2019,6,15,5,2
2019-06-16,20190616,2019,6,16,6,2
2019-06-17,20190617,2019,6,17,0,2
2019-06-18,20190618,2019,6,18,1,2
2019-06-19,20190619,2019,6,19,2,2
2019-06-20,20190620,2019,6,20,3,2
2019-06-21,20190621,2019,6,21,4,2
2019-06-22,20190622,2019,6,22,5,2
2019-06-23,20190623,2019,6,23,6,2
2019-06-24,20190624,2019,6,24,0,2
2019-06-25,20190625,2019,6,25,1,2
2019-06-26,20190626,2019,6,26,2,2
2019-06-27,20190627,2019,6,27,3,2
2019-06-28,20190628,2019,6,28,4,2
2019-06-29,20190629,2019,6,29,5,2
2019-06-30,20190630,2019,6,30,6,2
2019-07-01,20190701,2019,7,1,0,3
2019-07-02,20190702,2019,7,2,1,3
2019-07-03,20190703,2019,7,3,2,3
2019-07-04,20190704,2019,7,4,3,3
2019-07-05,20190705,2019,7,5,4,3
2019-07-06,20190706,2019,7,6,5,3
2019-07-07,20190707,2019,7,7,6,3
2019-07-08,20190708,2019,7,8,0,3
2019-07-09,20190709,2019,7,9,1,3
2019-07-10,20190710,2019,7,10,2,3
2019-07-11,20190711,2019,7,11,3,3
2019-07-12,20190712,2019,7,12,4,3
2019-07-13,20190713,2019,7,13,5,3
2019-07-14,20190714,2019,7,14,6,3
2019-07-15,20190715,2019,7,15,0,3
2019-07-16,20190716,2019,7,16,1,3
2019-07-17,20190717,2019,7,17,2,3
2019-07-18,20190718,2019,7,18,3,3
2019-07-19,20190719,2019,7,19,4,3
2019-07-20,20190720,2019,7,20,5,3
2019-07-21,20190721,2019,7,21,6,3
2019-07-22,20190722,2019,7,22,0,3
2019-07-23,20190723,2019,7,23,1,3
2019-07-24,20190724,2019,7,24,2,3
2019-07-25,20190725,2019,7,25,3,3
2019-07-26,20190726,2019,7,26,4,3
2019-07-27,20190727,2019,7,27,5,3
2019-07-28,20190728,2019,7,28,6,3
2019-07-29,20190729,2019,7,29,0,3
2019-07-30,20190730,2019,7,30,1,3
2019-07-31,20190731,2019,7,31,2,3
2019-08-01,20190801,2019,8,1,3,3
2019-08-02,20190802,2019,8,2,4,3
2019-08-03,20190803,2019,8,3,5,3
2019-08-04,20190804,2019,8,4,6,3
2019-08-05,20190805,2019,8,5,0,3
2019-08-06,20190806,2019,8,6,1,3
2019-08-07,20190807,2019,8,7,2,3
2019-08-08,20190808,2019,8,8,3,3
2019-08-09,20190809,2019,8,9,4,3
2019-08-10,20190810,2019,8,10,5,3
2019-08-11,20190811,2019,8,11,6,3
2019-08-12,20190812,2019,8,12,0,3
2019-08-13,20190813,2019,8,13,1,3
2019-08-14,20190814,2019,8,14,2,3
2019-08-15,20190815,2019,8,15,3,3
2019-08-16,20190816,2019,8,16,4,3
2019-08-17,20190817,2019,8,17,5,3
2019-08-18,20190818,2019,8,18,6,3
2019-08-19,20190819,2019,8,19,0,3
2019-08-20,20190820,2019,8,20,1,3
2019-08-21,20190821,2019,8,21,2,3
2019-08-22,20190822,2019,8,22,3,3
2019-08-23,20190823,2019,8,23,4,3
2019-08-24,20190824,2019,8,24,5,3
2019-08-25,20190825,2019,8,25,6,3
2019-08-26,20190826,2019,8,26,0,3
2019-08-27,20190827,2019,8,27,1,3
2019-08-28,20190828,2019,8,28,2,3
2019-08-29,20190829,2019,8,29,3,3
2019-08-30,20190830,2019,8,30,4,3
2019-08-31,20190831,2019,8,31,5,3
2019-09-01,20190901,2019,9,1,6,3
2019-09-02,20190902,2019,9,2,0,3
2019-09-03,20190903,2019,9,3,1,3
2019-09-04,20190904,2019,9,4,2,3
2019-09-05,20190905,2019,9,5,3,3
2019-09-06,20190906,2019,9,6,4,3
2019-09-07,20190907,2019,9,7,5,3
2019-09-08,20190908,2019,9,8,6,3
2019-09-09,20190909,2019,9,9,0,3
2019-09-10,20190910,2019,9,10,1,3
2019-09-11,20190911,2019,9,11,2,3
2019-09-12,20190912,2019,9,12,3,3
2019-09-13,20190913,2019,9,13,4,3
2019-09-14,20190914,2019,9,14,5,3
2019-09-15,20190915,2019,9,15,6,3
2019-09-16,20190916,2019,9,16,0,3
2019-09-17,20190917,2019,9,17,1,3
2019-09-18,20190918,2019,9,18,2,3
2019-09-19,20190919,2019,9,19,3,3
2019-09-20,20190920,2019,9,20,4,3
2019-09-21,20190921,2019,9,21,5,3
2019-09-22,20190922,2019,9,22,6,3
2019-09-23,20190923,2019,9,23,0,3
2019-09-24,20190924,2019,9,24,1,3
2019-09-25,20190925,2019,9,25,2,3
2019-09-26,20190926,2019,9,26,3,3
2019-09-27,20190927,2019,9,27,4,3
2019-09-28,20190928,2019,9,28,5,3
2019-09-29,20190929,2019,9,29,6,3
2019-09-30,20190930,2019,9,30,0,3
2019-10-01,20191001,2019,10,1,1,4
2019-10-02,20191002,2019,10,2,2,4
2019-10-03,20191003,2019,10,3,3,4
2019-10-04,20191004,2019,10,4,4,4
2019-10-05,20191005,2019,10,5,5,4
2019-10-06,20191006,2019,10,6,6,4
2019-10-07,20191007,2019,10,7,0,4
2019-10-08,20191008,2019,10,8,1,4
2019-10-09,20191009,2019,10,9,2,4
2019-10-10,20191010,2019,10,10,3,4
2019-10-11,20191011,2019,10,11,4,4
2019-10-12,20191012,2019,10,12,5,4
2019-10-13,20191013,2019,10,13,6,4
2019-10-14,20191014,2019,10,14,0,4
2019-10-15,20191015,2019,10,15,1,4
2019-10-16,20191016,2019,10,16,2,4
2019-10-17,20191017,2019,10,17,3,4
2019-10-18,20191018,2019,10,18,4,4
2019-10-19,20191019,2019,10,19,5,4
2019-10-20,20191020,2019,10,20,6,4
2019-10-21,20191021,2019,10,21,0,4
2019-10-22,20191022,2019,10,22,1,4
2019-10-23,20191023,2019,10,23,2,4
2019-10-24,20191024,2019,10,24,3,4
2019-10-25,20191025,2019,10,25,4,4
2019-10-26,20191026,2019,10,26,5,4
2019-10-27,20191027,2019,10,27,6,4
2019-10-28,20191028,2019,10,28,0,4
2019-10-29,20191029,2019,10,29,1,4
2019-10-30,20191030,2019,10,30,2,4
2019-10-31,20191031,2019,10,31,3,4
2019-11-01,20191101,2019,11,1,4,4
2019-11-02,20191102,2019,11,2,5,4
2019-11-03,20191103,2019,11,3,6,4
2019-11-04,20191104,2019,11,4,0,4
2019-11-05,20191105,2019,11,5,1,4
2019-11-06,20191106,2019,11,6,2,4
2019-11-07,20191107,2019,11,7,3,4
2019-11-08,20191108,2019,11,8,4,4
2019-11-09,20191109,2019,11,9,5,4
2019-11-10,20191110,2019,11,10,6,4
2019-11-11,20191111,2019,11,11,0,4
2019-11-12,20191112,2019,11,12,1,4
2019-11-13,20191113,2019,11,13,2,4
2019-11-14,20191114,2019,11,14,3,4
2019-11-15,20191115,2019,11,15,4,4
2019-11-16,20191116,2019,11,16,5,4
2019-11-17,20191117,2019,11,17,6,4
2019-11-18,20191118,2019,11,18,0,4
2019-11-19,20191119,2019,11,19,1,4
2019-11-20,20191120,2019,11,20,2,4
2019-11-21,20191121,2019,11,21,3,4
2019-11-22,20191122,2019,11,22,4,4
2019-11-23,20191123,2019,11,23,5,4
2019-11-24,20191124,2019,11,24,6,4
2019-11-25,20191125,2019,11,25,0,4
2019-11-26,20191126,2019,11,26,1,4
2019-11-27,20191127,2019,11,27,2,4
2019-11-28,20191128,2019,11,28,3,4
2019-11-29,20191129,2019,11,29,4,4
2019-11-30,20191130,2019,11,30,5,4
2019-12-01,20191201,2019,12,1,6,4
2019-12-02,20191202,2019,12,2,0,4
2019-12-03,20191203,2019,12,3,1,4
2019-12-04,20191204,2019,12,4,2,4
2019-12-05,20191205,2019,12,5,3,4
2019-12-06,20191206,2019,12,6,4,4
2019-12-07,20191207,2019,12,7,5,4
2019-12-08,20191208,2019,12,8,6,4
2019-12-09,20191209,2019,12,9,0,4
2019-12-10,20191210,2019,12,10,1,4
2019-12-11,20191211,2019,12,11,2,4
2019-12-12,20191212,2019,12,12,3,4
2019-12-13,20191213,2019,12,13,4,4
2019-12-14,20191214,2019,12,14,5,4
2019-12-15,20191215,2019,12,15,6,4
2019-12-16,20191216,2019,12,16,0,4
2019-12-17,20191217,2019,12,17,1,4
2019-12-18,20191218,2019,12,18,2,4
2019-12-19,20191219,2019,12,19,3,4
2019-12-20,20191220,2019,12,20,4,4
2019-12-21,20191221,2019,12,21,5,4
2019-12-22,20191222,2019,12,22,6,4
2019-12-23,20191223,2019,12,23,0,4
2019-12-24,20191224,2019,12,24,1,4
2019-12-25,20191225,2019,12,25,2,4
2019-12-26,20191226,2019,12,26,3,4
2019-12-27,20191227,2019,12,27,4,4
2019-12-28,20191228,2019,12,28,5,4
2019-12-29,20191229,2019,12,29,6,4
2019-12-30,20191230,2019,12,30,0,4
2019-12-31,20191231,2019,12,31,1,4
2020-01-01,20200101,2020,1,1,2,1
2020-01-02,20200102,2020,1,2,3,1
2020-01-03,20200103,2020,1,3,4,1
2020-01-04,20200104,2020,1,4,5,1
2020-01-05,20200105,2020,1,5,6,1
2020-01-06,20200106,2020,1,6,0,1
2020-01-07,20200107,2020,1,7,1,1
2020-01-08,20200108,2020,1,8,2,1
2020-01-09,20200109,2020,1,9,3,1
2020-01-10,20200110,2020,1,10,4,1
2020-01-11,20200111,2020,1,11,5,1
2020-01-12,20200112,2020,1,12,6,1
2020-01-13,20200113,2020,1,13,0,1
2020-01-14,20200114,2020,1,14,1,1
2020-01-15,20200115,2020,1,15,2,1
2020-01-16,20200116,2020,1,16,3,1
2020-01-17,20200117,2020,1,17,4,1
2020-01-18,20200118,2020,1,18,5,1
2020-01-19,20200119,2020,1,19,6,1
2020-01-20,20200120,2020,1,20,0,1
2020-01-21,20200121,2020,1,21,1,1
2020-01-22,20200122,2020,1,22,2,1
2020-01-23,20200123,2020,1,23,3,1
2020-01-24,20200124,2020,1,24,4,1
2020-01-25,20200125,2020,1,25,5,1
2020-01-26,20200126,2020,1,26,6,1
2020-01-27,20200127,2020,1,27,0,1
2020-01-28,20200128,2020,1,28,1,1
2020-01-29,20200129,2020,1,29,2,1
2020-01-30,20200130,2020,1,30,3,1
2020-01-31,20200131,2020,1,31,4,1
2020-02-01,20200201,2020,2,1,5,1
2020-02-02,20200202,2020,2,2,6,1
2020-02-03,20200203,2020,2,3,0,1
2020-02-04,20200204,2020,2,4,1,1
2020-02-05,20200205,2020,2,5,2,1
2020-02-06,20200206,2020,2,6,3,1
2020-02-07,20200207,2020,2,7,4,1
2020-02-08,20200208,2020,2,8,5,1
2020-02-09,20200209,2020,2,9,6,1
2020-02-10,20200210,2020,2,10,0,1
2020-02-11,20200211,2020,2,11,1,1
2020-02-12,20200212,2020,2,12,2,1
2020-02-13,20200213,2020,2,13,3,1
2020-02-14,20200214,2020,2,14,4,1
2020-02-15,20200215,2020,2,15,5,1
2020-02-16,20200216,2020,2,16,6,1
2020-02-17,20200217,2020,2,17,0,1
2020-02-18,20200218,2020,2,18,1,1
2020-02-19,20200219,2020,2,19,2,1
2020-02-20,20200220,2020,2,20,3,1
2020-02-21,20200221,2020,2,21,4,1
2020-02-22,20200222,2020,2,22,5,1
2020-02-23,20200223,2020,2,23,6,1
2020-02-24,20200224,2020,2,24,0,1
2020-02-25,20200225,2020,2,25,1,1
2020-02-26,20200226,2020,2,26,2,1
2020-02-27,20200227,2020,2,27,3,1
2020-02-28,20200228,2020,2,28,4,1
2020-02-29,20200229,2020,2,29,5,1
2020-03-01,20200301,2020,3,1,6,1
2020-03-02,20200302,2020,3,2,0,1
2020-03-03,20200303,2020,3,3,1,1
2020-03-04,20200304,2020,3,4,2,1
2020-03-05,20200305,2020,3,5,3,1
2020-03-06,20200306,2020,3,6,4,1
2020-03-07,20200307,2020,3,7,5,1
2020-03-08,20200308,2020,3,8,6,1
2020-03-09,20200309,2020,3,9,0,1
2020-03-10,20200310,2020,3,10,1,1
2020-03-11,20200311,2020,3,11,2,1
2020-03-12,20200312,2020,3,12,3,1
2020-03-13,20200313,2020,3,13,4,1
2020-03-14,20200314,2020,3,14,5,1
2020-03-15,20200315,2020,3,15,6,1
2020-03-16,20200316,2020,3,16,0,1
2020-03-17,20200317,2020,3,17,1,1
2020-03-18,20200318,2020,3,18,2,1
2020-03-19,20200319,2020,3,19,3,1
2020-03-20,20200320,2020,3,20,4,1
2020-03-21,20200321,2020,3,21,5,1
2020-03-22,20200322,2020,3,22,6,1
2020-03-23,20200323,2020,3,23,0,1
2020-03-24,20200324,2020,3,24,1,1
2020-03-25,20200325,2020,3,25,2,1
2020-03-26,20200326,2020,3,26,3,1
2020-03-27,20200327,2020,3,27,4,1
2020-03-28,20200328,2020,3,28,5,1
2020-03-29,20200329,2020,3,29,6,1
2020-03-30,20200330,2020,3,30,0,1
2020-03-31,20200331,2020,3,31,1,1
2020-04-01,20200401,2020,4,1,2,2
2020-04-02,20200402,2020,4,2,3,2
2020-04-03,20200403,2020,4,3,4,2
2020-04-04,20200404,2020,4,4,5,2
2020-04-05,20200405,2020,4,5,6,2
2020-04-06,20200406,2020,4,6,0,2
2020-04-07,20200407,2020,4,7,1,2
2020-04-08,20200408,2020,4,8,2,2
2020-04-09,20200409,2020,4,9,3,2
2020-04-10,20200410,2020,4,10,4,2
2020-04-11,20200411,2020,4,11,5,2
2020-04-12,20200412,2020,4,12,6,2
2020-04-13,20200413,2020,4,13,0,2
2020-04-14,20200414,2020,4,14,1,2
2020-04-15,20200415,2020,4,15,2,2
2020-04-16,20200416,2020,4,16,3,2
2020-04-17,20200417,2020,4,17,4,2
2020-04-18,20200418,2020,4,18,5,2
2020-04-19,20200419,2020,4,19,6,2
2020-04-20,20200420,2020,4,20,0,2
2020-04-21,20200421,2020,4,21,1,2
2020-04-22,20200422,2020,4,22,2,2
2020-04-23,20200423,2020,4,23,3,2
2020-04-24,20200424,2020,4,24,4,2
2020-04-25,20200425,2020,4,25,5,2
2020-04-26,20200426,2020,4,26,6,2
2020-04-27,20200427,2020,4,27,0,2
2020-04-28,20200428,2020,4,28,1,2
2020-04-29,20200429,2020,4,29,2,2
2020-04-30,20200430,2020,4,30,3,2
2020-05-01,20200501,2020,5,1,4,2
2020-05-02,20200502,2020,5,2,5,2
2020-05-03,20200503,2020,5,3,6,2
2020-05-04,20200504,2020,5,4,0,2
2020-05-05,20200505,2020,5,5,1,2
2020-05-06,20200506,2020,5,6,2,2
2020-05-07,20200507,2020,5,7,3,2
2020-05-08,20200508,2020,5,8,4,2
2020-05-09,20200509,2020,5,9,5,2
2020-05-10,20200510,2020,5,10,6,2
2020-05-11,20200511,2020,5,11,0,2
2020-05-12,20200512,2020,5,12,1,2
2020-05-13,20200513,2020,5,13,2,2
2020-05-14,20200514,2020,5,14,3,2
2020-05-15,20200515,2020,5,15,4,2
2020-05-16,20200516,2020,5,16,5,2
2020-05-17,20200517,2020,5,17,6,2
2020-05-18,20200518,2020,5,18,0,2
2020-05-19,20200519,2020,5,19,1,2
2020-05-20,20200520,2020,5,20,2,2
2020-05-21,20200521,2020,5,21,3,2
2020-05-22,20200522,2020,5,22,4,2
2020-05-23,20200523,2020,5,23,5,2
2020-05-24,20200524,2020,5,24,6,2
2020-05-25,20200525,2020,5,25,0,2
2020-05-26,20200526,2020,5,26,1,2
2020-05-27,20200527,2020,5,27,2,2
2020-05-28,20200528,2020,5,28,3,2
2020-05-29,20200529,2020,5,29,4,2
2020-05-30,20200530,2020,5,30,5,2
2020-05-31,20200531,2020,5,31,6,2
2020-06-01,20200601,2020,6,1,0,2
2020-06-02,20200602,2020,6,2,1,2
2020-06-03,20200603,2020,6,3,2,2
2020-06-04,20200604,2020,6,4,3,2
2020-06-05,20200605,2020,6,5,4,2
2020-06-06,20200606,2020,6,6,5,2
2020-06-07,20200607,2020,6,7,6,2
2020-06-08,20200608,2020,6,8,0,2
2020-06-09,20200609,2020,6,9,1,2
2020-06-10,20200610,2020,6,10,2,2
2020-06-11,20200611,2020,6,11,3,2
2020-06-12,20200612,2020,6,12,4,2
2020-06-13,20200613,2020,6,13,5,2
2020-06-14,20200614,2020,6,14,6,2
2020-06-15,20200615,2020,6,15,0,2
2020-06-16,20200616,2020,6,16,1,2
2020-06-17,20200617,2020,6,17,2,2
2020-06-18,20200618,2020,6,18,3,2
2020-06-19,20200619,2020,6,19,4,2
2020-06-20,20200620,2020,6,20,5,2
2020-06-21,20200621,2020,6,21,6,2
2020-06-22,20200622,2020,6,22,0,2
2020-06-23,20200623,2020,6,23,1,2
2020-06-24,20200624,2020,6,24,2,2
2020-06-25,20200625,2020,6,25,3,2
2020-06-26,20200626,2020,6,26,4,2
2020-06-27,20200627,2020,6,27,5,2
2020-06-28,20200628,2020,6,28,6,2
2020-06-29,20200629,2020,6,29,0,2
2020-06-30,20200630,2020,6,30,1,2
2020-07-01,20200701,2020,7,1,2,3
2020-07-02,20200702,2020,7,2,3,3
2020-07-03,20200703,2020,7,3,4,3
2020-07-04,20200704,2020,7,4,5,3
2020-07-05,20200705,2020,7,5,6,3
2020-07-06,20200706,2020,7,6,0,3
2020-07-07,20200707,2020,7,7,1,3
2020-07-08,20200708,2020,7,8,2,3
2020-07-09,20200709,2020,7,9,3,3
2020-07-10,20200710,2020,7,10,4,3
2020-07-11,20200711,2020,7,11,5,3
2020-07-12,20200712,2020,7,12,6,3
2020-07-13,20200713,2020,7,13,0,3
2020-07-14,20200714,2020,7,14,1,3
2020-07-15,20200715,2020,7,15,2,3
2020-07-16,20200716,2020,7,16,3,3
2020-07-17,20200717,2020,7,17,4,3
2020-07-18,20200718,2020,7,18,5,3
2020-07-19,20200719,2020,7,19,6,3
2020-07-20,20200720,2020,7,20,0,3
2020-07-21,20200721,2020,7,21,1,3
2020-07-22,20200722,2020,7,22,2,3
2020-07-23,20200723,2020,7,23,3,3
2020-07-24,20200724,2020,7,24,4,3
2020-07-25,20200725,2020,7,25,5,3
2020-07-26,20200726,2020,7,26,6,3
2020-07-27,20200727,2020,7,27,0,3
2020-07-28,20200728,2020,7,28,1,3
2020-07-29,20200729,2020,7,29,2,3
2020-07-30,20200730,2020,7,30,3,3
2020-07-31,20200731,2020,7,31,4,3
2020-08-01,20200801,2020,8,1,5,3
2020-08-02,20200802,2020,8,2,6,3
2020-08-03,20200803,2020,8,3,0,3
2020-08-04,20200804,2020,8,4,1,3
2020-08-05,20200805,2020,8,5,2,3
2020-08-06,20200806,2020,8,6,3,3
2020-08-07,20200807,2020,8,7,4,3
2020-08-08,20200808,2020,8,8,5,3
2020-08-09,20200809,2020,8,9,6,3
2020-08-10,20200810,2020,8,10,0,3
2020-08-11,20200811,2020,8,11,1,3
2020-08-12,20200812,2020,8,12,2,3
2020-08-13,20200813,2020,8,13,3,3
2020-08-14,20200814,2020,8,14,4,3
2020-08-15,20200815,2020,8,15,5,3
2020-08-16,20200816,2020,8,16,6,3
2020-08-17,20200817,2020,8,17,0,3
2020-08-18,20200818,2020,8,18,1,3
2020-08-19,20200819,2020,8,19,2,3
2020-08-20,20200820,2020,8,20,3,3
2020-08-21,20200821,2020,8,21,4,3
2020-08-22,20200822,2020,8,22,5,3
2020-08-23,20200823,2020,8,23,6,3
2020-08-24,20200824,2020,8,24,0,3
2020-08-25,20200825,2020,8,25,1,3
2020-08-26,20200826,2020,8,26,2,3
2020-08-27,20200827,2020,8,27,3,3
2020-08-28,20200828,2020,8,28,4,3
2020-08-29,20200829,2020,8,29,5,3
2020-08-30,20200830,2020,8,30,6,3
2020-08-31,20200831,2020,8,31,0,3
2020-09-01,20200901,2020,9,1,1,3
2020-09-02,20200902,2020,9,2,2,3
2020-09-03,20200903,2020,9,3,3,3
2020-09-04,20200904,2020,9,4,4,3
2020-09-05,20200905,2020,9,5,5,3
2020-09-06,20200906,2020,9,6,6,3
2020-09-07,20200907,2020,9,7,0,3
2020-09-08,20200908,2020,9,8,1,3
2020-09-09,20200909,2020,9,9,2,3
2020-09-10,20200910,2020,9,10,3,3
2020-09-11,20200911,2020,9,11,4,3
2020-09-12,20200912,2020,9,12,5,3
2020-09-13,20200913,2020,9,13,6,3
2020-09-14,20200914,2020,9,14,0,3
2020-09-15,20200915,2020,9,15,1,3
2020-09-16,20200916,2020,9,16,2,3
2020-09-17,20200917,2020,9,17,3,3
2020-09-18,20200918,2020,9,18,4,3
2020-09-19,20200919,2020,9,19,5,3
2020-09-20,20200920,2020,9,20,6,3
2020-09-21,20200921,2020,9,21,0,3
2020-09-22,20200922,2020,9,22,1,3
2020-09-23,20200923,2020,9,23,2,3
2020-09-24,20200924,2020,9,24,3,3
2020-09-25,20200925,2020,9,25,4,3
2020-09-26,20200926,2020,9,26,5,3
2020-09-27,20200927,2020,9,27,6,3
2020-09-28,20200928,2020,9,28,0,3
2020-09-29,20200929,2020,9,29,1,3
2020-09-30,20200930,2020,9,30,2,3
2020-10-01,20201001,2020,10,1,3,4
2020-10-02,20201002,2020,10,2,4,4
2020-10-03,20201003,2020,10,3,5,4
2020-10-04,20201004,2020,10,4,6,4
2020-10-05,20201005,2020,10,5,0,4
2020-10-06,20201006,2020,10,6,1,4
2020-10-07,20201007,2020,10,7,2,4
2020-10-08,20201008,2020,10,8,3,4
2020-10-09,20201009,2020,10,9,4,4
2020-10-10,20201010,2020,10,10,5,4
2020-10-11,20201011,2020,10,11,6,4
2020-10-12,20201012,2020,10,12,0,4
2020-10-13,20201013,2020,10,13,1,4
2020-10-14,20201014,2020,10,14,2,4
2020-10-15,20201015,2020,10,15,3,4
2020-10-16,20201016,2020,10,16,4,4
2020-10-17,20201017,2020,10,17,5,4
2020-10-18,20201018,2020,10,18,6,4
2020-10-19,20201019,2020,10,19,0,4
2020-10-20,20201020,2020,10,20,1,4
2020-10-21,20201021,2020,10,21,2,4
2020-10-22,20201022,2020,10,22,3,4
2020-10-23,20201023,2020,10,23,4,4
2020-10-24,20201024,2020,10,24,5,4
2020-10-25,20201025,2020,10,25,6,4
2020-10-26,20201026,2020,10,26,0,4
2020-10-27,20201027,2020,10,27,1,4
2020-10-28,20201028,2020,10,28,2,4
2020-10-29,20201029,2020,10,29,3,4
2020-10-30,20201030,2020,10,30,4,4
2020-10-31,20201031,2020,10,31,5,4
2020-11-01,20201101,2020,11,1,6,4
2020-11-02,20201102,2020,11,2,0,4
2020-11-03,20201103,2020,11,3,1,4
2020-11-04,20201104,2020,11,4,2,4
2020-11-05,20201105,2020,11,5,3,4
2020-11-06,20201106,2020,11,6,4,4
2020-11-07,20201107,2020,11,7,5,4
2020-11-08,20201108,2020,11,8,6,4
2020-11-09,20201109,2020,11,9,0,4
2020-11-10,20201110,2020,11,10,1,4
2020-11-11,20201111,2020,11,11,2,4
2020-11-12,20201112,2020,11,12,3,4
2020-11-13,20201113,2020,11,13,4,4
2020-11-14,20201114,2020,11,14,5,4
2020-11-15,20201115,2020,11,15,6,4
2020-11-16,20201116,2020,11,16,0,4
2020-11-17,20201117,2020,11,17,1,4
2020-11-18,20201118,2020,11,18,2,4
2020-11-19,20201119,2020,11,19,3,4
2020-11-20,20201120,2020,11,20,4,4
2020-11-21,20201121,2020,11,21,5,4
2020-11-22,20201122,2020,11,22,6,4
2020-11-23,20201123,2020,11,23,0,4
2020-11-24,20201124,2020,11,24,1,4
2020-11-25,20201125,2020,11,25,2,4
2020-11-26,20201126,2020,11,26,3,4
2020-11-27,20201127,2020,11,27,4,4
2020-11-28,20201128,2020,11,28,5,4
2020-11-29,20201129,2020,11,29,6,4
2020-11-30,20201130,2020,11,30,0,4
2020-12-01,20201201,2020,12,1,1,4
2020-12-02,20201202,2020,12,2,2,4
2020-12-03,20201203,2020,12,3,3,4
2020-12-04,20201204,2020,12,4,4,4
2020-12-05,20201205,2020,12,5,5,4
2020-12-06,20201206,2020,12,6,6,4
2020-12-07,20201207,2020,12,7,0,4
2020-12-08,20201208,2020,12,8,1,4
2020-12-09,20201209,2020,12,9,2,4
2020-12-10,20201210,2020,12,10,3,4
2020-12-11,20201211,2020,12,11,4,4
2020-12-12,20201212,2020,12,12,5,4
2020-12-13,20201213,2020,12,13,6,4
2020-12-14,20201214,2020,12,14,0,4
2020-12-15,20201215,2020,12,15,1,4
2020-12-16,20201216,2020,12,16,2,4
2020-12-17,20201217,2020,12,17,3,4
2020-12-18,20201218,2020,12,18,4,4
2020-12-19,20201219,2020,12,19,5,4
2020-12-20,20201220,2020,12,20,6,4
2020-12-21,20201221,2020,12,21,0,4
2020-12-22,20201222,2020,12,22,1,4
2020-12-23,20201223,2020,12,23,2,4
2020-12-24,20201224,2020,12,24,3,4
2020-12-25,20201225,2020,12,25,4,4
2020-12-26,20201226,2020,12,26,5,4
2020-12-27,20201227,2020,12,27,6,4
2020-12-28,20201228,2020,12,28,0,4
2020-12-29,20201229,2020,12,29,1,4
2020-12-30,20201230,2020,12,30,2,4
2020-12-31,20201231,2020,12,31,3,4
2021-01-01,20210101,2021,1,1,4,1
2021-01-02,20210102,2021,1,2,5,1
2021-01-03,20210103,2021,1,3,6,1
2021-01-04,20210104,2021,1,4,0,1
2021-01-05,20210105,2021,1,5,1,1
2021-01-06,20210106,2021,1,6,2,1
2021-01-07,20210107,2021,1,7,3,1
2021-01-08,20210108,2021,1,8,4,1
2021-01-09,20210109,2021,1,9,5,1
2021-01-10,20210110,2021,1,10,6,1
2021-01-11,20210111,2021,1,11,0,1
2021-01-12,20210112,2021,1,12,1,1
2021-01-13,20210113,2021,1,13,2,1
2021-01-14,20210114,2021,1,14,3,1
2021-01-15,20210115,2021,1,15,4,1
2021-01-16,20210116,2021,1,16,5,1
2021-01-17,20210117,2021,1,17,6,1
2021-01-18,20210118,2021,1,18,0,1
2021-01-19,20210119,2021,1,19,1,1
2021-01-20,20210120,2021,1,20,2,1
2021-01-21,20210121,2021,1,21,3,1
2021-01-22,20210122,2021,1,22,4,1
2021-01-23,20210123,2021,1,23,5,1
2021-01-24,20210124,2021,1,24,6,1
2021-01-25,20210125,2021,1,25,0,1
2021-01-26,20210126,2021,1,26,1,1
2021-01-27,20210127,2021,1,27,2,1
2021-01-28,20210128,2021,1,28,3,1
2021-01-29,20210129,2021,1,29,4,1
2021-01-30,20210130,2021,1,30,5,1
2021-01-31,20210131,2021,1,31,6,1
2021-02-01,20210201,2021,2,1,0,1
2021-02-02,20210202,2021,2,2,1,1
2021-02-03,20210203,2021,2,3,2,1
2021-02-04,20210204,2021,2,4,3,1
2021-02-05,20210205,2021,2,5,4,1
2021-02-06,20210206,2021,2,6,5,1
2021-02-07,20210207,2021,2,7,6,1
2021-02-08,20210208,2021,2,8,0,1
2021-02-09,20210209,2021,2,9,1,1
2021-02-10,20210210,2021,2,10,2,1
2021-02-11,20210211,2021,2,11,3,1
2021-02-12,20210212,2021,2,12,4,1
2021-02-13,20210213,2021,2,13,5,1
2021-02-14,20210214,2021,2,14,6,1
2021-02-15,20210215,2021,2,15,0,1
2021-02-16,20210216,2021,2,16,1,1
2021-02-17,20210217,2021,2,17,2,1
2021-02-18,20210218,2021,2,18,3,1
2021-02-19,20210219,2021,2,19,4,1
2021-02-20,20210220,2021,2,20,5,1
2021-02-21,20210221,2021,2,21,6,1
2021-02-22,20210222,2021,2,22,0,1
2021-02-23,20210223,2021,2,23,1,1
2021-02-24,20210224,2021,2,24,2,1
2021-02-25,20210225,2021,2,25,3,1
2021-02-26,20210226,2021,2,26,4,1
2021-02-27,20210227,2021,2,27,5,1
2021-02-28,20210228,2021,2,28,6,1
2021-03-01,20210301,2021,3,1,0,1
2021-03-02,20210302,2021,3,2,1,1
2021-03-03,20210303,2021,3,3,2,1
2021-03-04,20210304,2021,3,4,3,1
2021-03-05,20210305,2021,3,5,4,1
2021-03-06,20210306,2021,3,6,5,1
2021-03-07,20210307,2021,3,7,6,1
2021-03-08,20210308,2021,3,8,0,1
2021-03-09,20210309,2021,3,9,1,1
2021-03-10,20210310,2021,3,10,2,1
2021-03-11,20210311,2021,3,11,3,1
2021-03-12,20210312,2021,3,12,4,1
2021-03-13,20210313,2021,3,13,5,1
2021-03-14,20210314,2021,3,14,6,1
2021-03-15,20210315,2021,3,15,0,1
2021-03-16,20210316,2021,3,16,1,1
2021-03-17,20210317,2021,3,17,2,1
2021-03-18,20210318,2021,3,18,3,1
2021-03-19,20210319,2021,3,19,4,1
2021-03-20,20210320,2021,3,20,5,1
2021-03-21,20210321,2021,3,21,6,1
2021-03-22,20210322,2021,3,22,0,1
2021-03-23,20210323,2021,3,23,1,1
2021-03-24,20210324,2021,3,24,2,1
2021-03-25,20210325,2021,3,25,3,1
2021-03-26,20210326,2021,3,26,4,1
2021-03-27,20210327,2021,3,27,5,1
2021-03-28,20210328,2021,3,28,6,1
2021-03-29,20210329,2021,3,29,0,1
2021-03-30,20210330,2021,3,30,1,1
2021-03-31,20210331,2021,3,31,2,1
2021-04-01,20210401,2021,4,1,3,2
2021-04-02,20210402,2021,4,2,4,2
2021-04-03,20210403,2021,4,3,5,2
2021-04-04,20210404,2021,4,4,6,2
2021-04-05,20210405,2021,4,5,0,2
2021-04-06,20210406,2021,4,6,1,2
2021-04-07,20210407,2021,4,7,2,2
2021-04-08,20210408,2021,4,8,3,2
2021-04-09,20210409,2021,4,9,4,2
2021-04-10,20210410,2021,4,10,5,2
2021-04-11,20210411,2021,4,11,6,2
2021-04-12,20210412,2021,4,12,0,2
2021-04-13,20210413,2021,4,13,1,2
2021-04-14,20210414,2021,4,14,2,2
2021-04-15,20210415,2021,4,15,3,2
2021-04-16,20210416,2021,4,16,4,2
2021-04-17,20210417,2021,4,17,5,2
2021-04-18,20210418,2021,4,18,6,2
2021-04-19,20210419,2021,4,19,0,2
2021-04-20,20210420,2021,4,20,1,2
2021-04-21,20210421,2021,4,21,2,2
2021-04-22,20210422,2021,4,22,3,2
2021-04-23,20210423,2021,4,23,4,2
2021-04-24,20210424,2021,4,24,5,2
2021-04-25,20210425,2021,4,25,6,2
2021-04-26,20210426,2021,4,26,0,2
2021-04-27,20210427,2021,4,27,1,2
2021-04-28,20210428,2021,4,28,2,2
2021-04-29,20210429,2021,4,29,3,2
2021-04-30,20210430,2021,4,30,4,2
2021-05-01,20210501,2021,5,1,5,2
2021-05-02,20210502,2021,5,2,6,2
2021-05-03,20210503,2021,5,3,0,2
2021-05-04,20210504,2021,5,4,1,2
2021-05-05,20210505,2021,5,5,2,2
2021-05-06,20210506,2021,5,6,3,2
2021-05-07,20210507,2021,5,7,4,2
2021-05-08,20210508,2021,5,8,5,2
2021-05-09,20210509,2021,5,9,6,2
2021-05-10,20210510,2021,5,10,0,2
2021-05-11,20210511,2021,5,11,1,2
2021-05-12,20210512,2021,5,12,2,2
2021-05-13,20210513,2021,5,13,3,2
2021-05-14,20210514,2021,5,14,4,2
2021-05-15,20210515,2021,5,15,5,2
2021-05-16,20210516,2021,5,16,6,2
2021-05-17,20210517,2021,5,17,0,2
2021-05-18,20210518,2021,5,18,1,2
2021-05-19,20210519,2021,5,19,2,2
2021-05-20,20210520,2021,5,20,3,2
2021-05-21,20210521,2021,5,21,4,2
2021-05-22,20210522,2021,5,22,5,2
2021-05-23,20210523,2021,5,23,6,2
2021-05-24,20210524,2021,5,24,0,2
2021-05-25,20210525,2021,5,25,1,2
2021-05-26,20210526,2021,5,26,2,2
2021-05-27,20210527,2021,5,27,3,2
2021-05-28,20210528,2021,5,28,4,2
2021-05-29,20210529,2021,5,29,5,2
2021-05-30,20210530,2021,5,30,6,2
2021-05-31,20210531,2021,5,31,0,2
2021-06-01,20210601,2021,6,1,1,2
2021-06-02,20210602,2021,6,2,2,2
2021-06-03,20210603,2021,6,3,3,2
2021-06-04,20210604,2021,6,4,4,2
2021-06-05,20210605,2021,6,5,5,2
2021-06-06,20210606,2021,6,6,6,2
2021-06-07,20210607,2021,6,7,0,2
2021-06-08,20210608,2021,6,8,1,2
2021-06-09,20210609,2021,6,9,2,2
2021-06-10,20210610,2021,6,10,3,2
